feature,correlation_with_acuity,abs_correlation,non_missing_pct
arrivalmode_ambulance_or_helicopter,0.38868260797013887,0.38868260797013887,99.561630442152
age,0.27674314792311494,0.27674314792311494,99.55966785967892
egfr(aframer)_last,-0.26995124771529155,0.26995124771529155,4.929115089404553
o2_device_max,0.2565169066609308,0.2565169066609308,60.7437117073397
spo2_min,-0.2554531419122815,0.2554531419122815,58.17594016621289
egfr(aframer)_min,-0.2518116674218463,0.2518116674218463,7.345946196693584
egfr(aframer)_median,-0.2470077915105078,0.2470077915105078,7.345946196693584
egfr(aframer)_max,-0.2336289050088703,0.2336289050088703,7.345946196693584
dbp_min,-0.23326695009777507,0.23326695009777507,61.775673254996555
egfr(nonafricanamerican)_last,-0.21863594910405484,0.21863594910405484,7.057268156564124
meds_cardiovascular,0.21194911422038437,0.21194911422038437,99.561630442152
egfr(nonafricanamerican)_min,-0.2112456488639317,0.2112456488639317,10.350838379549177
sbp_max,0.2096801440363842,0.2096801440363842,61.77906317017731
htn,0.20837614205748184,0.20837614205748184,99.561630442152
resp_max,0.20553373261837987,0.20553373261837987,61.66362763744322
egfr(nonafricanamerican)_median,-0.20440762177450242,0.20440762177450242,10.350838379549177
triage_vital_o2_device,0.2021391989446385,0.2021391989446385,59.42610520155722
albumin_min,-0.1951115879547644,0.1951115879547644,30.976866505140183
spo2_median,-0.19406070546491497,0.19406070546491497,58.17594016621289
albumin_last,-0.193777331340033,0.193777331340033,19.807452817733182
meds_gastrointestinal,0.19068911743235928,0.19068911743235928,99.561630442152
triage_vital_o2,-0.1883674729188135,0.1883674729188135,51.50155400848549
pocbun_last,0.18835248683875663,0.18835248683875663,10.169745542261538
egfr(nonafricanamerican)_max,-0.18830069081462542,0.18830069081462542,10.350838379549177
rbc_min,-0.1871607217620727,0.1871607217620727,44.37309763312554
aniongap_max,0.18571921722044746,0.18571921722044746,43.25228462441524
monosabs_median,-0.18110012030702863,0.18110012030702863,8.905842429605736
n_admissions,0.1806391474433057,0.1806391474433057,99.561630442152
monosabs_min,-0.17804261016454406,0.17804261016454406,8.905842429605736
bun_max,0.17762718063169694,0.17762718063169694,43.401797725545336
monosabs_max,-0.17734196992779208,0.17734196992779208,8.905842429605736
pulse_max,0.17718327351476187,0.17718327351476187,61.810999739511786
monosabs_last,-0.17279158626225097,0.17279158626225097,7.893685123268021
chloride_min,-0.16980384252165304,0.16980384252165304,43.41250272085298
rdw_max,0.16850437732124005,0.16850437732124005,44.377558047837056
resp_min,-0.16672115203643254,0.16672115203643254,61.66362763744322
meds_antiplateletdrugs,0.1661511693112695,0.1661511693112695,99.561630442152
albumin_median,-0.1656519022991654,0.1656519022991654,30.976866505140183
cc_alcoholintoxication,0.16509842618984383,0.16509842618984383,99.10202931027715
bun_last,0.16508400144968255,0.16508400144968255,37.803798846001506
cxr_count,0.16473578283608514,0.16473578283608514,99.561630442152
o2_device_last,0.16136196510773387,0.16136196510773387,52.93245504794054
rdw_last,0.16113295588372126,0.16113295588372126,39.80349196946935
lymphs_min,-0.16004253405420898,0.16004253405420898,43.99110771723112
meds_vitamins,0.15979576227793238,0.15979576227793238,99.561630442152
pocbun_max,0.15884132297403822,0.15884132297403822,21.1198852424503
meds_cardiacdrugs,0.15704769573834415,0.15704769573834415,99.561630442152
meds_analgesics,0.15643642486665196,0.15643642486665196,99.561630442152
meds_psychotherapeuticdrugs,0.1557493486377261,0.1557493486377261,99.561630442152
cc_chestpain,0.15464705500686593,0.15464705500686593,99.10202931027715
o2_device_median,0.1544105362740604,0.1544105362740604,60.7437117073397
meds_diuretics,0.15435237424174897,0.15435237424174897,99.561630442152
rbc_last,-0.15407730026647912,0.15407730026647912,39.798496304992454
potassium_max,0.1532088452012401,0.1532088452012401,43.07065653736222
meds_elect/caloric/h2o,0.15179028061280103,0.15179028061280103,99.561630442152
hemoglobin_min,-0.15153650253133286,0.15153650253133286,44.22411978176083
egfr_last,-0.15149221166361337,0.15149221166361337,1.5106532544969902
hematocrit_min,-0.15133471181976266,0.15133471181976266,44.231970111653105
spo2_last,-0.1509581010122889,0.1509581010122889,43.37485682068776
bun_median,0.15082277403379335,0.15082277403379335,43.401797725545336
coronathero,0.14890678728265916,0.14890678728265916,99.561630442152
dbp_max,0.148007319701679,0.148007319701679,61.775673254996555
temp_min,-0.14792007924193745,0.14792007924193745,61.48503263239403
rbc_median,-0.14723048040618006,0.14723048040618006,44.37309763312554
egfr_min,-0.14617430803728912,0.14617430803728912,3.147447037035715
sbp_min,-0.14587751687340025,0.14587751687340025,61.77906317017731
hyperlipidem,0.14540000290783348,0.14540000290783348,99.561630442152
rdw_median,0.14492620116937985,0.14492620116937985,44.377558047837056
aniongap_median,0.14456465297350068,0.14456465297350068,43.25228462441524
temp_max,0.14368830690363968,0.14368830690363968,61.48503263239403
pocionizedcalcium_min,-0.1433039229935923,0.1433039229935923,21.14878872978094
pocbun_median,0.14069421583616987,0.14069421583616987,21.1198852424503
cc_shortnessofbreath,0.13960217878728745,0.13960217878728745,99.10202931027715
cc_suicidal,0.13879494288241845,0.13879494288241845,99.10202931027715
egfr_median,-0.13825202445558088,0.13825202445558088,3.147447037035715
neutrophils_max,0.13724386250080123,0.13724386250080123,44.13616040364969
triage_vital_hr,0.13721540521487707,0.13721540521487707,70.25331587229654
mcv_max,0.13705418683202028,0.13705418683202028,44.37791488101397
ekg_count,0.13692706684839243,0.13692706684839243,99.561630442152
n_surgeries,0.13392566946821827,0.13392566946821827,99.561630442152
chfnonhp,0.1332672226982302,0.1332672226982302,99.561630442152
alcoholrelateddisorders,0.13305345457090928,0.13305345457090928,99.561630442152
meds_antiasthmatics,0.13225466219643228,0.13225466219643228,99.561630442152
hemoglobin_last,-0.13195033207046522,0.13195033207046522,39.58261223295497
cc_backpain,-0.13165501069799151,0.13165501069799151,99.10202931027715
headct_count,0.13146656930748368,0.13146656930748368,99.561630442152
dysrhythmia,0.1314635308180541,0.1314635308180541,99.561630442152
cc_rash,-0.13143679233091426,0.13143679233091426,99.10202931027715
diabmelnoc,0.13014804852679937,0.13014804852679937,99.561630442152
poccreatinine_last,0.12854944226325737,0.12854944226325737,10.179201621449955
cc_sorethroat,-0.12825738587946603,0.12825738587946603,99.10202931027715
alkphos_max,0.12777156604236384,0.12777156604236384,33.17299629250329
meds_anticoagulants,0.12623679584810849,0.12623679584810849,99.561630442152
copd,0.12587401668593534,0.12587401668593534,99.561630442152
alkphos_last,0.12542385205370443,0.12542385205370443,22.508679967028613
aniongap_last,0.12506452370043655,0.12506452370043655,37.56900261558719
pocph_median,0.12402721987623101,0.12402721987623101,17.724082314277254
pocpotassium_max,0.12400106317713569,0.12400106317713569,21.134515402704082
meds_antihyperglycemics,0.12350289223499987,0.12350289223499987,99.561630442152
cc_alteredmentalstatus,0.12349036399386744,0.12349036399386744,99.10202931027715
hematocrit_last,-0.1232198513874262,0.1232198513874262,39.596528726854906
cc_dentalpain,-0.12195563392583117,0.12195563392583117,99.10202931027715
egfr_max,-0.12076897889123982,0.12076897889123982,3.147447037035715
monocytes_max,0.11973111509612616,0.11973111509612616,44.118853994569
meds_cnsdrugs,0.11967338951147811,0.11967338951147811,99.561630442152
chrkidneydisease,0.11957287987313532,0.11957287987313532,99.561630442152
glucose_max,0.11752731692614118,0.11752731692614118,43.38716756529155
pocpotassium_last,0.1170767143011698,0.1170767143011698,10.171708124734606
pocph_last,0.1164390492051445,0.1164390492051445,7.950600014986993
pocph_min,0.11549272118074355,0.11549272118074355,17.724082314277254
platelets_min,-0.11534946272362646,0.11534946272362646,44.37095663406401
pocionizedcalcium_median,-0.11517966486344103,0.11517966486344103,21.14878872978094
lymphs_last,-0.11483993754742997,0.11483993754742997,39.155482920179985
proteinua_count,0.11482522367127043,0.11482522367127043,99.561630442152
bloodua_count,0.11482373323222962,0.11482373323222962,99.561630442152
albumin_max,-0.11478613572281718,0.11478613572281718,30.976866505140183
leukocytesua_count,0.11477992918374588,0.11477992918374588,99.561630442152
nitriteua_count,0.11476137228587609,0.11476137228587609,99.561630442152
ketonesua_count,0.1147437180943317,0.1147437180943317,99.561630442152
meds_unclassifieddrugproducts,0.11473525443851289,0.11473525443851289,99.561630442152
glucoseua_count,0.1147334310930825,0.1147334310930825,99.561630442152
pocph_max,0.11467641768459533,0.11467641768459533,17.724082314277254
echo_count,0.1132906046082466,0.1132906046082466,99.561630442152
acutecvd,0.11327712122969467,0.11327712122969467,99.561630442152
creatinine_max,0.11315495948221688,0.11315495948221688,43.40304664166455
cc_psychiatricevaluation,0.11275132773183318,0.11275132773183318,99.10202931027715
chloride_last,-0.11244119260948704,0.11244119260948704,37.81771533990144
otherct_count,0.11188171745058104,0.11188171745058104,99.561630442152
globulin_max,0.11170708762417371,0.11170708762417371,30.727083281295165
alkphos_median,0.11120060886344489,0.11120060886344489,33.17299629250329
chloride_median,-0.110321228145459,0.110321228145459,43.41250272085298
"lactate,poc_max",0.10996929934752485,0.10996929934752485,19.044008235709722
pocbun_min,0.10992173461001709,0.10992173461001709,21.1198852424503
creatinine_last,0.10943508757146206,0.10943508757146206,37.807367177770715
hemoglobin_median,-0.10921587029973692,0.10921587029973692,44.22411978176083
co2_min,-0.10804275384735676,0.10804275384735676,43.403225058253014
pochematocrit_min,-0.10802724040502946,0.10802724040502946,21.155211726965526
bun_min,0.10759434514880849,0.10759434514880849,43.401797725545336
calcium_min,-0.10713842434615313,0.10713842434615313,43.514021759687125
poccreatinine_max,0.10671671605392992,0.10671671605392992,21.134872235881
poccreatinine_median,0.10644830625155273,0.10644830625155273,21.134872235881
pochematocrit_last,-0.10644762882152631,0.10644762882152631,10.194545448057578
mchc_min,-0.10612565171296615,0.10612565171296615,44.36863721841402
cc_suture/stapleremoval,-0.10558980944512734,0.10558980944512734,99.10202931027715
hematocrit_median,-0.1053456711054866,0.1053456711054866,44.231970111653105
mch_max,0.10503288315596773,0.10503288315596773,44.36845880182556
rdw_min,0.1040029460326208,0.1040029460326208,44.377558047837056
meds_thyroidpreps,0.10368274209920311,0.10368274209920311,99.561630442152
lymphs_median,-0.10319485180924283,0.10319485180924283,43.99110771723112
unclassified,0.10223674715411946,0.10223674715411946,99.561630442152
pocsodium_min,-0.10190678763835108,0.10190678763835108,21.159493725088584
cc_earpain,-0.10185638265700069,0.10185638265700069,99.10202931027715
mooddisorders,0.10081744265350118,0.10081744265350118,99.561630442152
mcv_median,0.1006683528049923,0.1006683528049923,44.37791488101397
bun/creatratio_max,0.1000866553045192,0.1000866553045192,37.45838433074154
proteinua_last,0.09989099762921282,0.09989099762921282,99.561630442152
creatinine_median,0.09982155204633714,0.09982155204633714,43.40304664166455
cc_strokealert,0.09953131341096054,0.09953131341096054,99.10202931027715
meds_hormones,0.0986562775247469,0.0986562775247469,99.561630442152
proteinua_npos,0.09844385204723198,0.09844385204723198,99.561630442152
meds_eentpreps,0.09752369479170926,0.09752369479170926,99.561630442152
triage_vital_rr,0.09663400200328227,0.09663400200328227,69.46774763330396
cc_kneepain,-0.09609921346906025,0.09609921346906025,99.10202931027715
anc(absneutrophilcount)_max,0.0959235970686606,0.0959235970686606,43.98646888593114
aspartateaminotransferase(ast)_max,0.09571131262748352,0.09571131262748352,32.66361693244791
poccreatinine_min,0.09570947492015992,0.09570947492015992,21.134872235881
sodium_min,-0.09543777845245006,0.09543777845245006,43.41178905449913
dbp_median,-0.09512278324704644,0.09512278324704644,61.775673254996555
pocionizedcalcium_last,-0.09471334012269927,0.09471334012269927,10.190263449934521
potassium_last,0.09414633585214108,0.09414633585214108,37.11350506524695
globulin_last,0.09356748641787993,0.09356748641787993,19.522878359138318
basos_min,-0.09170220528284644,0.09170220528284644,43.972730808619666
acutemi,0.09125325765816715,0.09125325765816715,99.561630442152
cc_motorvehiclecrash,-0.09089158838373719,0.09089158838373719,99.10202931027715
immaturegranulocytes_max,0.09061925651483561,0.09061925651483561,8.63768229714926
glucose_last,0.09051113923536053,0.09051113923536053,37.77614427479009
pocsodium_last,-0.09013336249343641,0.09013336249343641,10.198113779826794
"b-typenatriureticpeptide,pro(probnp)_last",0.0897559412572063,0.0897559412572063,1.938317817037357
proteintotal_min,-0.08973146843272192,0.08973146843272192,30.559550104730537
deliriumdementiaamnesticothercognitiv,0.08908716050284944,0.08908716050284944,99.561630442152
mcv_last,0.08855169709204237,0.08855169709204237,39.806168218296264
pocpotassium_median,0.08835941407612212,0.08835941407612212,21.134515402704082
esophgealdx,0.08688927317875308,0.08688927317875308,99.561630442152
pulse_min,-0.08615968131644057,0.08615968131644057,61.810999739511786
potassium_median,0.08562963525883102,0.08562963525883102,43.07065653736222
immaturegrans(abs)_max,0.08510899505977483,0.08510899505977483,8.63518446491081
alkphos_min,0.08494292228798814,0.08494292228798814,33.17299629250329
n_edvisits,0.08468017132522748,0.08468017132522748,99.561630442152
creatinine_min,0.08451515491232932,0.08451515491232932,43.40304664166455
"lactate,poc_median",0.08432223787958174,0.08432223787958174,19.044008235709722
cc_laceration,-0.08408190192496447,0.08408190192496447,99.10202931027715
aspartateaminotransferase(ast)_median,0.08350449107555603,0.08350449107555603,32.66361693244791
pocglucose_max,0.08316994224704588,0.08316994224704588,25.439707682261464
"urineculture,routine_count",0.08313600527330563,0.08313600527330563,99.561630442152
immaturegranulocytes_last,0.08306768151471254,0.08306768151471254,7.6838672152382035
neutrophils_last,0.08264010834817824,0.08264010834817824,39.36779866044826
globulin_median,0.0822526372508211,0.0822526372508211,30.727083281295165
conduction,0.08212009664978771,0.08212009664978771,99.561630442152
calculatedco2(poc)_max,0.08162424492863418,0.08162424492863418,17.82845601852678
anxietydisorders,0.08155728629096663,0.08155728629096663,99.561630442152
glucose_median,0.08134641679144285,0.08134641679144285,43.38716756529155
dbp_last,-0.08134284179973832,0.08134284179973832,59.686950253886806
phosphorus_max,0.08126151713926366,0.08126151713926366,16.88891426369258
epilepsycnv,0.08087791191085436,0.08087791191085436,99.561630442152
rbc_max,-0.08070712375078706,0.08070712375078706,44.37309763312554
cc_footpain,-0.08044914921456017,0.08044914921456017,99.10202931027715
immaturegranulocytes_median,0.08037234841029246,0.08037234841029246,8.63768229714926
"bloodculture,routine_count",0.08036704968303393,0.08036704968303393,99.561630442152
cc_neurologicproblem,0.08027050151748522,0.08027050151748522,99.10202931027715
othlowresp,0.07996001990875803,0.07996001990875803,99.561630442152
pulmhartdx,0.07915999604128675,0.07915999604128675,99.561630442152
calculatedhco3(poc)i_max,0.07898515207642796,0.07898515207642796,15.03516590958561
bilirubintotal_max,0.07864335273148923,0.07864335273148923,33.02241269184243
otjointdx,0.07796561661770227,0.07796561661770227,99.561630442152
baseexcess(poc)_max,0.07740909610725612,0.07740909610725612,16.165613414072787
peripathero,0.07711673857820313,0.07711673857820313,99.561630442152
otherimg_count,0.0770510245607503,0.0770510245607503,99.561630442152
bloodua_npos,0.07611011772514875,0.07611011772514875,99.561630442152
"lactate,poc_last",0.07543495247187305,0.07543495247187305,10.113722733484868
othnervdx,0.07502776734932617,0.07502776734932617,99.561630442152
resp_median,0.07502010036721397,0.07502010036721397,61.66362763744322
inr_last,0.07488487117719084,0.07488487117719084,13.929518310894473
otcirculdx,0.07469528835413222,0.07469528835413222,99.561630442152
prothrombintime_last,0.07440453140170436,0.07440453140170436,13.916672316525302
meds_antibiotics,0.07417471507543423,0.07417471507543423,99.561630442152
maligneopls,0.07415355686365033,0.07415355686365033,99.561630442152
bilirubindirect_last,0.07413075815291946,0.07413075815291946,9.823082110882343
bun/creatratio_last,0.07392011255616447,0.07392011255616447,29.58396819902727
pochematocrit_median,-0.07383055785504546,0.07383055785504546,21.155211726965526
immaturegrans(abs)_last,0.07328923001793157,0.07328923001793157,7.681547799588214
thyroiddsor,0.07312091595618099,0.07312091595618099,99.561630442152
sodium_max,0.07306120332238475,0.07306120332238475,43.41178905449913
wbc_max,0.07305101707843047,0.07305101707843047,44.379520630310125
neutrophils_median,0.07280054852594246,0.07280054852594246,44.13616040364969
bloodua_last,0.0726488740257245,0.0726488740257245,99.561630442152
bilirubintotal_last,0.07230117895071822,0.07230117895071822,22.356669033660072
meds_antiarthritics,0.07218383273868592,0.07218383273868592,99.561630442152
pco2(poc)_max,0.07172015022017292,0.07172015022017292,16.16686233019201
"b-typenatriureticpeptide,pro(probnp)_max",0.07156696201896341,0.07156696201896341,4.8331269648126804
cc_syncope,0.07148035842453851,0.07148035842453851,99.10202931027715
inr_max,0.07117052655230117,0.07117052655230117,24.47376027233508
prothrombintime_max,0.07093087922722272,0.07093087922722272,24.462698443850513
eos_min,-0.07043925379781266,0.07043925379781266,43.97290922520812
leukocytesua_last,0.07018355577990826,0.07018355577990826,99.561630442152
phlebitis,0.0701742482297268,0.0701742482297268,99.561630442152
absolutelymphocytecount_min,-0.0697726716755036,0.0697726716755036,43.755062570697575
alanineaminotransferase(alt)_max,0.06962136465133087,0.06962136465133087,32.99796961922332
cc_anklepain,-0.06959698226825121,0.06959698226825121,99.10202931027715
cc_uri,-0.06903925524568436,0.06903925524568436,99.10202931027715
basosabs_last,-0.06902987495197717,0.06902987495197717,8.262472211616348
cc_unresponsive,0.06894173832260751,0.06894173832260751,99.10202931027715
"b-typenatriureticpeptide,pro(probnp)_median",0.06880012079876406,0.06880012079876406,4.8331269648126804
"co2,poc_max",0.06867057474929746,0.06867057474929746,18.730708706372685
cc_cough,-0.06858509458256999,0.06858509458256999,99.10202931027715
cc_weakness,0.06852524606970672,0.06852524606970672,99.10202931027715
glucoseua_last,0.06843615374699942,0.06843615374699942,99.561630442152
leukocytesua_npos,0.06837769973255298,0.06837769973255298,99.561630442152
phosphorus_last,0.06826222140707014,0.06826222140707014,7.078678147179413
hrtvalvedx,0.06820210064722575,0.06820210064722575,99.561630442152
mchc_last,-0.06773591670838205,0.06773591670838205,39.789753892157876
otherus_count,0.06766956429129202,0.06766956429129202,99.561630442152
schizophreniaandotherpsychoticdisorde,0.06742441112397454,0.06742441112397454,99.561630442152
cc_fingerinjury,-0.0673901996575089,0.0673901996575089,99.10202931027715
cc_medicationrefill,-0.06695459977211633,0.06695459977211633,99.10202931027715
othliverdx,0.06671827897979693,0.06671827897979693,99.561630442152
substancerelateddisorders,0.06630907128428112,0.06630907128428112,99.561630442152
immaturegrans(abs)_median,0.06625831231478574,0.06625831231478574,8.63518446491081
cc_cardiacarrest,0.06608260915905989,0.06608260915905989,99.10202931027715
othematldx,0.06589193112088738,0.06589193112088738,99.561630442152
cc_insectbite,-0.0657970111916599,0.0657970111916599,99.10202931027715
meds_antifungals,0.06577467090501257,0.06577467090501257,99.561630442152
cc_drugproblem,0.06529748067403114,0.06529748067403114,99.10202931027715
mch_median,0.06512562599037784,0.06512562599037784,44.36845880182556
bph,0.06504118395108227,0.06504118395108227,99.561630442152
cc_fulltrauma,0.06485306177422992,0.06485306177422992,99.10202931027715
"b-typenatriureticpeptide,pro(probnp)_min",0.06480020956793132,0.06480020956793132,4.8331269648126804
basosabs_max,-0.06476546294588773,0.06476546294588773,9.139389743900828
pocionizedcalcium_max,-0.06475423936925727,0.06475423936925727,21.14878872978094
meds_anesthetics,0.06468638793739359,0.06468638793739359,99.561630442152
calculatedhco3(poc)i_last,0.06434947270246595,0.06434947270246595,6.927737713341636
inr_median,0.06380241522248334,0.06380241522248334,24.47376027233508
meds_antihistamines,0.06377101317260687,0.06377101317260687,99.561630442152
o2_device_min,0.0636054644068826,0.0636054644068826,60.7437117073397
aspartateaminotransferase(ast)_last,0.06352341466614593,0.06352341466614593,21.84479184136624
bilirubintotal_median,0.06321465889248988,0.06321465889248988,33.02241269184243
screeningandhistoryofmentalhealthan,0.06320746818066242,0.06320746818066242,99.561630442152
pneumonia,0.06300319089945301,0.06300319089945301,99.561630442152
meds_skinpreps,0.06298808912909243,0.06298808912909243,99.561630442152
cc_handpain,-0.06294080137706008,0.06294080137706008,99.10202931027715
gihemorrhag,0.06260982429258492,0.06260982429258492,99.561630442152
nrbc_max,0.06239907142413922,0.06239907142413922,9.449834607822497
cc_ankleinjury,-0.062218818005117124,0.062218818005117124,99.10202931027715
po2(poc)_max,0.06215987663008466,0.06215987663008466,16.15847675053436
aniongap_min,0.06211263515934675,0.06211263515934675,43.25228462441524
meds_autonomicdrugs,0.062010993663895675,0.062010993663895675,99.561630442152
cc_abscess,-0.06192683044019244,0.06192683044019244,99.10202931027715
carditis,0.06178600511961401,0.06178600511961401,99.561630442152
calculatedco2(poc)_last,0.0617485309490064,0.0617485309490064,8.063180882305714
cc_shoulderpain,-0.06153943480695988,0.06153943480695988,99.10202931027715
cc_woundcheck,-0.061509316184633046,0.061509316184633046,99.10202931027715
cc_extremitylaceration,-0.06090823740709932,0.06090823740709932,99.10202931027715
cc_gibleeding,0.060721126393456046,0.060721126393456046,99.10202931027715
prothrombintime_median,0.06070777636819194,0.06070777636819194,24.462698443850513
cc_urinarytractinfection,-0.06053761749101808,0.06053761749101808,99.10202931027715
"meds_miscellaneousmedicalsupplies,devices,non-drug",0.06044262579945879,0.06044262579945879,99.561630442152
hepatitis,0.06037887048828815,0.06037887048828815,99.561630442152
othheartdx,0.06031139814376718,0.06031139814376718,99.561630442152
othergidx,0.060280534830976645,0.060280534830976645,99.561630442152
othergudx,0.05988337421753519,0.05988337421753519,99.561630442152
pulse_median,0.05975501387603688,0.05975501387603688,61.810999739511786
basosabs_median,-0.05974822290849512,0.05974822290849512,9.139389743900828
bilirubindirect_max,0.05972338719409079,0.05972338719409079,21.020328786089216
cc_modifiedtrauma,0.05920775711747091,0.05920775711747091,99.10202931027715
glucoseua_npos,0.059009648410240464,0.059009648410240464,99.561630442152
cc_coldlikesymptoms,-0.05888118244639087,0.05888118244639087,99.10202931027715
brnchlngca,0.05830447316607774,0.05830447316607774,99.561630442152
"baseexcess,venous(poc)_max",0.05801342877209235,0.05801342877209235,4.44631980102982
diabmelwcm,0.057944313779382806,0.057944313779382806,99.561630442152
phosphorus_median,0.057928249581427234,0.057928249581427234,16.88891426369258
pancreasdx,0.05791763387577795,0.05791763387577795,99.561630442152
mcv_min,0.057830032891503444,0.057830032891503444,44.37791488101397
otdxkidney,0.05777324394772297,0.05777324394772297,99.561630442152
bun/creatratio_median,0.057654428444830194,0.057654428444830194,37.45838433074154
cc_skinirritation,-0.0576472978141313,0.0576472978141313,99.10202931027715
immaturegranulocytes_min,0.057526859710335124,0.057526859710335124,8.63768229714926
mpv_min,-0.057297192761286704,0.057297192761286704,44.339376897906455
proteintotal_last,-0.05726325108084356,0.05726325108084356,19.35641568210446
meds_cough/coldpreparations,0.057115993044283005,0.057115993044283005,99.561630442152
meds_sedative/hypnotics,0.0570082868967535,0.0570082868967535,99.561630442152
goutotcrys,0.05699552225647003,0.05699552225647003,99.561630442152
cc_abnormallab,0.056844095382064315,0.056844095382064315,99.10202931027715
osteoarthros,0.056776423901565586,0.056776423901565586,99.561630442152
baseexcess(poc)_last,0.0567108361056659,0.0567108361056659,7.31061971217836
bilirubindirect_median,0.05654309412719897,0.05654309412719897,21.020328786089216
cc_dyspnea,0.056475511693239944,0.056475511693239944,99.10202931027715
cc_footinjury,-0.05606367877041365,0.05606367877041365,99.10202931027715
basosabs_min,-0.05604834043348238,0.05604834043348238,9.139389743900828
pco2(poc)_last,0.05603303274442394,0.05603303274442394,7.312047044886046
eos_max,0.05593119788780704,0.05593119788780704,43.97290922520812
cc_alcoholproblem,0.05560327433831354,0.05560327433831354,99.10202931027715
anemia,0.05524020350145001,0.05524020350145001,99.561630442152
pocsodium_median,-0.05499303903241687,0.05499303903241687,21.159493725088584
tia,0.054829284387877444,0.054829284387877444,99.561630442152
cc_handinjury,-0.0541388420018419,0.0541388420018419,99.10202931027715
platelets_median,-0.053880928592911465,0.053880928592911465,44.37095663406401
adltrespfl,0.053668894566636524,0.053668894566636524,99.561630442152
aspartateaminotransferase(ast)_min,0.05327838773467063,0.05327838773467063,32.66361693244791
otherxr_count,0.053196642908307425,0.053196642908307425,99.561630442152
calcium_max,0.05316852684752034,0.05316852684752034,43.514021759687125
cc_hypotension,0.05280631317635328,0.05280631317635328,99.10202931027715
meds_antineoplastics,0.052792306924602385,0.052792306924602385,99.561630442152
"hco3calculated,venous(poc)_max",0.052646139442491954,0.052646139442491954,4.447211883972124
co2_max,0.05201941921496691,0.05201941921496691,43.403225058253014
osteoporosis,0.05190241468893421,0.05190241468893421,99.561630442152
cc_animalbite,-0.05126304462385041,0.05126304462385041,99.10202931027715
cc_neckpain,-0.05124144705991993,0.05124144705991993,99.10202931027715
cc_eyeproblem,-0.050616382615792765,0.050616382615792765,99.10202931027715
cc_fingerpain,-0.0506139167902451,0.0506139167902451,99.10202931027715
cc_eyepain,-0.05054822223113803,0.05054822223113803,99.10202931027715
cc_nasalcongestion,-0.050416893225037285,0.050416893225037285,99.10202931027715
prostatecan,0.0502701193479404,0.0502701193479404,99.561630442152
otherinjury,0.050173840773721876,0.050173840773721876,99.561630442152
meds_colonystimulatingfactors,0.05004488095961327,0.05004488095961327,99.561630442152
monocytes_median,0.050041068849598455,0.050041068849598455,44.118853994569
"hco3calculated,venous(poc)_last",0.04997862608337694,0.04997862608337694,2.795074274825776
acrenlfail,0.04991336011883141,0.04991336011883141,99.561630442152
anc(absneutrophilcount)_last,0.049911899229960976,0.049911899229960976,39.12033485225322
cc_toepain,-0.049589361350618456,0.049589361350618456,99.10202931027715
cc_conjunctivitis,-0.049508662469108476,0.049508662469108476,99.10202931027715
"lactate,poc_min",0.0494549364009225,0.0494549364009225,19.044008235709722
cc_wristpain,-0.04937250818114714,0.04937250818114714,99.10202931027715
magnesium_min,-0.04912620306324359,0.04912620306324359,19.453295889638635
nrbc_median,0.04908618504558991,0.04908618504558991,9.449834607822497
troponint_max,0.04908275787950883,0.04908275787950883,7.509911041488994
diverticulos,0.04896994398108636,0.04896994398108636,99.561630442152
cc_abdominalpain,0.048952413870893524,0.048952413870893524,99.10202931027715
meds_diagnostic,0.04889180634300794,0.04889180634300794,99.561630442152
troponint_median,0.04888314391944875,0.04888314391944875,7.509911041488994
nitriteua_npos,0.048722949200150065,0.048722949200150065,99.561630442152
mpv_max,0.048685592800985666,0.048685592800985666,44.339376897906455
cc_legpain,-0.04859230530853596,0.04859230530853596,99.10202931027715
meds_antiparkinsondrugs,0.048507498968166606,0.048507498968166606,99.561630442152
monocytes_last,0.04841735112884839,0.04841735112884839,39.33746784040993
immaturegrans(abs)_min,0.04820880683764657,0.04820880683764657,8.63518446491081
aneurysm,0.04813424519465773,0.04813424519465773,99.561630442152
"ph,venous(poc)_max",0.04798250088210555,0.04798250088210555,4.447390300560585
cc_breathingdifficulty,0.04740734595434102,0.04740734595434102,99.10202931027715
"po2,venous(poc)_max",0.04734562742136318,0.04734562742136318,4.446855050795203
troponint_min,0.047317974593687556,0.047317974593687556,7.509911041488994
cc_poisoning,0.04713887979868468,0.04713887979868468,99.10202931027715
"baseexcess,venous(poc)_last",0.04713064633738599,0.04713064633738599,2.7934685255296294
mchc_median,-0.04707922842747428,0.04707922842747428,44.36863721841402
cc_tickremoval,-0.04695624098913044,0.04695624098913044,99.10202931027715
pulse_last,0.04658638677765979,0.04658638677765979,59.557419810664314
resp_last,0.046543631257156236,0.046543631257156236,56.91292913649939
bilirubindirect_min,0.04645936563309109,0.04645936563309109,21.020328786089216
cc_eyeredness,-0.04641852693394743,0.04641852693394743,99.10202931027715
pocglucose_last,0.04623385089282004,0.04623385089282004,14.81749767166352
fluidelcdx,0.046151621050006614,0.046151621050006614,99.561630442152
acetonebld_min,-0.04595769503052807,0.04595769503052807,0.4048272392173935
cc_stdcheck,-0.045854615446977984,0.045854615446977984,99.10202931027715
cc_depression,0.04584335029663021,0.04584335029663021,99.10202931027715
cc_cyst,-0.045755799959472376,0.045755799959472376,99.10202931027715
breastcancr,0.0455400349545724,0.0455400349545724,99.561630442152
hemoglobin_max,-0.04542948765378727,0.04542948765378727,44.22411978176083
glaucoma,0.04539666781223126,0.04539666781223126,99.561630442152
basos_max,0.04536303179668134,0.04536303179668134,43.972730808619666
cc_respiratorydistress,0.04526071544182884,0.04526071544182884,99.10202931027715
otaftercare,0.04525118019528485,0.04525118019528485,99.561630442152
pocglucose_median,0.04495580447691978,0.04495580447691978,25.439707682261464
inr_min,0.0449131818511412,0.0449131818511412,24.47376027233508
"co2calculated,venous(poc)_max",0.0445047493459202,0.0445047493459202,4.442573052672145
retinaldx,0.04444022987885207,0.04444022987885207,99.561630442152
calculatedo2saturation(poc)_max,0.04432275254477912,0.04432275254477912,16.152410586526695
mri_count,0.044240183455782296,0.044240183455782296,99.561630442152
attentiondeficitconductdisruptivebeha,0.04420863494829224,0.04420863494829224,99.561630442152
meds_immunosuppressants,0.0441791964372957,0.0441791964372957,99.561630442152
mch_last,0.0441131594447324,0.0441131594447324,39.789575475569414
cc_armpain,-0.04406624071629506,0.04406624071629506,99.10202931027715
absolutelymphocytecount_last,-0.044023510262885854,0.044023510262885854,38.716578112566594
bilirubintotal_min,0.04401331574714528,0.04401331574714528,33.02241269184243
ketonesua_npos,0.04390520688065328,0.04390520688065328,99.561630442152
troponint_last,0.0439014137968473,0.0439014137968473,2.4070181949236913
cc_dizziness,0.043806843919793934,0.043806843919793934,99.10202931027715
cc_sicklecellpain,0.04362082817670418,0.04362082817670418,99.10202931027715
globulin_min,0.04346147489991676,0.04346147489991676,30.727083281295165
"glucose,meter_min",-0.043281525642778026,0.043281525642778026,14.159497293420353
absolutelymphocytecount_median,-0.04316679381625896,0.04316679381625896,43.755062570697575
nonepithca,0.04307048137818432,0.04307048137818432,99.561630442152
cc_kneeinjury,-0.0427272642479033,0.0427272642479033,99.10202931027715
sbp_median,0.04270019249132368,0.04270019249132368,61.77906317017731
septicemia,0.04257042865930822,0.04257042865930822,99.561630442152
otbnignneo,0.042442882352253686,0.042442882352253686,99.561630442152
cc_other,-0.042382925683615694,0.042382925683615694,99.10202931027715
cc_sinusproblem,-0.04220776710293073,0.04220776710293073,99.10202931027715
meds_musclerelaxants,0.04218099897093823,0.04218099897093823,99.561630442152
othfracture,0.04215382443252417,0.04215382443252417,99.561630442152
abdomhernia,0.04212969942997058,0.04212969942997058,99.561630442152
cc_skinproblem,-0.04205048281627936,0.04205048281627936,99.10202931027715
cc_seizure-priorhxof,0.04195197639417321,0.04195197639417321,99.10202931027715
proteintotal_median,-0.04193405790541023,0.04193405790541023,30.559550104730537
prothrombintime_min,0.04180558968158877,0.04180558968158877,24.462698443850513
meds_antivirals,0.04173160924101223,0.04173160924101223,99.561630442152
eosinoabs_min,-0.04157863494136606,0.04157863494136606,8.868018112852061
cc_tachycardia,0.04147971281345125,0.04147971281345125,99.10202931027715
cc_drug/alcoholassessment,0.0409374362555283,0.0409374362555283,99.10202931027715
cc_elevatedbloodsugar-symptomatic,0.04039252397814914,0.04039252397814914,99.10202931027715
"pco2,venous(poc)_last",0.040316711511984696,0.040316711511984696,2.795074274825776
cc_toeinjury,-0.03964730249793235,0.03964730249793235,99.10202931027715
sexualinfxs,-0.039534569008539015,0.039534569008539015,99.561630442152
cc_overdose-intentional,0.039527470147065334,0.039527470147065334,99.10202931027715
"co2calculated,venous(poc)_last",0.03936712812158009,0.03936712812158009,2.7877591946988862
nitriteua_last,0.039338686920590574,0.039338686920590574,99.561630442152
cc_lethargy,0.039076273142299056,0.039076273142299056,99.10202931027715
nrbc_last,0.0390352403067932,0.0390352403067932,8.287985783766231
othereardx,0.038883249019451976,0.038883249019451976,99.561630442152
cc_decreasedbloodsugar-symptomatic,0.03870945660083283,0.03870945660083283,99.10202931027715
cc_seizure-newonset,0.03856579489580503,0.03856579489580503,99.10202931027715
fatigue,0.03830227259121731,0.03830227259121731,99.561630442152
cc_otalgia,-0.038237183648233954,0.038237183648233954,99.10202931027715
acetonebld_median,-0.03811155162544503,0.03811155162544503,0.4048272392173935
ptt_max,0.038096463446378535,0.038096463446378535,18.86273698183362
calculatedhco3(poc)i_median,0.038046048523197845,0.038046048523197845,15.03516590958561
calcium_median,-0.03790729408799004,0.03790729408799004,43.514021759687125
platelets_last,-0.03777133165483531,0.03777133165483531,39.786720810154044
triage_vital_sbp,0.037712766005556814,0.037712766005556814,69.9223531007019
lipase_max,0.03767009060814409,0.03767009060814409,21.633725017217202
cc_hallucinations,0.03739850274150262,0.03739850274150262,99.10202931027715
cc_palpitations,0.037194938998318154,0.037194938998318154,99.10202931027715
socialadmin,0.0371439743079172,0.0371439743079172,99.561630442152
cc_hypertension,0.03699563219595753,0.03699563219595753,99.10202931027715
suicideandintentionalselfinflictedin,0.036925125719833765,0.036925125719833765,99.561630442152
d-dimer_median,-0.03674579812515496,0.03674579812515496,4.717156182313207
gasduoulcer,0.03644109456609176,0.03644109456609176,99.561630442152
pleurisy,0.03633014141323719,0.03633014141323719,99.561630442152
nutritdefic,0.035862311178920324,0.035862311178920324,99.561630442152
coaghemrdx,0.035805475758817894,0.035805475758817894,99.561630442152
otconntiss,0.03577520478574747,0.03577520478574747,99.561630442152
nrbc_min,0.03567981887057832,0.03567981887057832,9.449834607822497
neoplsmunsp,0.03549977157297631,0.03549977157297631,99.561630442152
cc_earproblem,-0.03541878601801458,0.03541878601801458,99.10202931027715
coloncancer,0.0353299484251526,0.0353299484251526,99.561630442152
d-dimer_min,-0.03511019246598212,0.03511019246598212,4.717156182313207
otheredcns,0.03507748025997431,0.03507748025997431,99.561630442152
wbc_min,-0.03498034696971113,0.03498034696971113,44.379520630310125
cc_facialpain,-0.034959486742343386,0.034959486742343386,99.10202931027715
2ndarymalig,0.03489118171871747,0.03489118171871747,99.561630442152
"co2,poc_last",0.03481756773382159,0.03481756773382159,9.101030177381771
cc_fever-75yearsorolder,0.034784819692258974,0.034784819692258974,99.10202931027715
calculatedo2saturation(poc)_min,-0.034749112224654544,0.034749112224654544,16.152410586526695
"glucose,meter_max",0.03473190681463534,0.03473190681463534,14.159497293420353
complicdevi,0.03463328603491542,0.03463328603491542,99.561630442152
hdnckcancr,0.034628160414863954,0.034628160414863954,99.561630442152
precereoccl,0.034594340688356276,0.034594340688356276,99.561630442152
backproblem,0.03453351439220561,0.03453351439220561,99.561630442152
syncope,0.034486863593847665,0.034486863593847665,99.561630442152
"pco2,venous(poc)_max",0.03447946351948439,0.03447946351948439,4.447211883972124
alanineaminotransferase(alt)_median,0.03436385492368445,0.03436385492368445,32.99796961922332
calculatedco2(poc)_median,0.03433392910908966,0.03433392910908966,17.82845601852678
basos_last,-0.0342836003202842,0.0342836003202842,39.12283268449167
intestinfct,0.03412849286393003,0.03412849286393003,99.561630442152
cataract,0.034099362552611236,0.034099362552611236,99.561630442152
otdxbladdr,0.03407992513998239,0.03407992513998239,99.561630442152
cc_overdose-accidental,0.03402359680525317,0.03402359680525317,99.10202931027715
monocytes_min,-0.03390140593143197,0.03390140593143197,44.118853994569
uti,0.033856653934653425,0.033856653934653425,99.561630442152
hematocrit_max,-0.0337674773328045,0.0337674773328045,44.231970111653105
parkinsons,0.03350993792153464,0.03350993792153464,99.561630442152
ecodesfall,0.03339565902971094,0.03339565902971094,99.561630442152
cc_feverimmunocompromised,0.03332473925940033,0.03332473925940033,99.10202931027715
cc_wristinjury,-0.033224338362994744,0.033224338362994744,99.10202931027715
cc_fingerswelling,-0.03322005727853425,0.03322005727853425,99.10202931027715
d-dimer_max,-0.03317865482177799,0.03317865482177799,4.717156182313207
baseexcess(poc)_median,0.033066451691329456,0.033066451691329456,16.165613414072787
chestpain,0.032907786379337535,0.032907786379337535,99.561630442152
pco2(poc)_median,0.03269507250263612,0.03269507250263612,16.16686233019201
cc_fall>65,0.03259571055232133,0.03259571055232133,99.10202931027715
infectarth,0.03246847405795876,0.03246847405795876,99.561630442152
cc_withdrawal-alcohol,0.03216165671077698,0.03216165671077698,99.10202931027715
cc_psychoticsymptoms,0.032157633011227295,0.032157633011227295,99.10202931027715
lymphs_max,-0.0319622968186402,0.0319622968186402,43.99110771723112
cc_thumbinjury,-0.031888313968218215,0.031888313968218215,99.10202931027715
sbp_last,0.031878906097057055,0.031878906097057055,59.70836024450209
blindness,0.031861464259391424,0.031861464259391424,99.561630442152
cc_trauma,0.031564332294115066,0.031564332294115066,99.10202931027715
bladdercncr,0.03131900725318012,0.03131900725318012,99.561630442152
co2_median,-0.031270322434615756,0.031270322434615756,43.403225058253014
ulcerskin,0.031269407612989526,0.031269407612989526,99.561630442152
"o2satcalculated,venous(poc)_max",0.03111767701106104,0.03111767701106104,4.44364355220291
cc_homicidal,0.030954704642580343,0.030954704642580343,99.10202931027715
cc_burn,-0.030902537481694938,0.030902537481694938,99.10202931027715
basos_median,-0.030728500635421936,0.030728500635421936,43.972730808619666
meds_herbals,0.030691728870569313,0.030691728870569313,99.561630442152
anc(absneutrophilcount)_median,0.030677387045370492,0.030677387045370492,43.98646888593114
temp_last,0.030560416390455727,0.030560416390455727,45.12887030184519
othveindx,0.03044386987038211,0.03044386987038211,99.561630442152
personalitydisorders,0.030442353332064954,0.030442353332064954,99.561630442152
otinflskin,0.030343361907862708,0.030343361907862708,99.561630442152
cc_woundre-evaluation,-0.030268296838041605,0.030268296838041605,99.10202931027715
meds_antiinfectives/miscellaneous,0.03019024687116854,0.03019024687116854,99.561630442152
otnutritdx,0.030084921775034565,0.030084921775034565,99.561630442152
cc_foreignbodyineye,-0.030014730150442488,0.030014730150442488,99.10202931027715
acetonebld_max,-0.029979428206904427,0.029979428206904427,0.4048272392173935
liveribdca,0.029914007973694715,0.029914007973694715,99.561630442152
othmalegen,0.029872647332865532,0.029872647332865532,99.561630442152
ketonesua_last,0.0298105214995873,0.0298105214995873,99.561630442152
"baseexcess,venous(poc)_median",0.029719071708297556,0.029719071708297556,4.44631980102982
magnesium_max,0.029672722959043107,0.029672722959043107,19.453295889638635
cc_irregularheartbeat,0.02956596696253981,0.02956596696253981,99.10202931027715
biliarydx,0.029497963416148916,0.029497963416148916,99.561630442152
htncomplicn,0.029495322523405663,0.029495322523405663,99.561630442152
intobstruct,0.02919146373661798,0.02919146373661798,99.561630442152
wbc_last,0.02904214292266745,0.02904214292266745,39.81062863300778
nonhodglym,0.02897501252600656,0.02897501252600656,99.561630442152
meds_smokingdeterrents,0.028863564329262466,0.028863564329262466,99.561630442152
otdxstomch,0.02882916763501347,0.02882916763501347,99.561630442152
sodium_last,-0.028739218112197068,0.028739218112197068,37.81664484037068
pocpotassium_min,0.028579148514982184,0.028579148514982184,21.134515402704082
cc_fatigue,0.02848857960308839,0.02848857960308839,99.10202931027715
urinstone,0.028478060201597422,0.028478060201597422,99.561630442152
cc_rapidheartrate,0.028461880305385816,0.028461880305385816,99.10202931027715
ptt_last,0.028261707610435394,0.028261707610435394,8.837152043048354
cc_nearsyncope,0.028236858217682938,0.028236858217682938,99.10202931027715
cc_exposuretostd,-0.02815440398172214,0.02815440398172214,99.10202931027715
cc_arminjury,-0.028035604462044967,0.028035604462044967,99.10202931027715
cc_confusion,0.027993869699210406,0.027993869699210406,99.10202931027715
"ph,venous(poc)_min",-0.027962125382741888,0.027962125382741888,4.447390300560585
cc_lossofconsciousness,0.02771530738305609,0.02771530738305609,99.10202931027715
glucose_min,0.02762231789280178,0.02762231789280178,43.38716756529155
cc_elbowpain,-0.027218221514927133,0.027218221514927133,99.10202931027715
otbonedx,0.027122061975889053,0.027122061975889053,99.561630442152
asppneumon,0.027038570635365917,0.027038570635365917,99.561630442152
othercvd,0.027026685457717723,0.027026685457717723,99.561630442152
"urineculture,routine_npos",0.026874276909410726,0.026874276909410726,99.561630442152
cc_vaginaldischarge,-0.02685692174772845,0.02685692174772845,99.10202931027715
nrbcabsolute_max,0.026794582560327962,0.026794582560327962,8.888179187348124
multmyeloma,0.026767625630078992,0.026767625630078992,99.561630442152
cc_leginjury,-0.02674358259644401,0.02674358259644401,99.10202931027715
dizziness,0.026718515886333,0.026718515886333,99.561630442152
troponini(poc)_max,0.02659634175942225,0.02659634175942225,20.687046598844574
leukemias,0.02635615065442467,0.02635615065442467,99.561630442152
cc_hippain,-0.026279723230475636,0.026279723230475636,99.10202931027715
"co2,poc_min",-0.026260102546846086,0.026260102546846086,18.730708706372685
"hco3calculated,venous(poc)_median",0.02619927044901709,0.02619927044901709,4.447211883972124
calcium_last,-0.026062434841467523,0.026062434841467523,38.03966557594659
cc_faciallaceration,-0.026047967574797822,0.026047967574797822,99.10202931027715
"urineculture,routine_last",0.026001191780815325,0.026001191780815325,99.561630442152
cc_mass,-0.025962904237396785,0.025962904237396785,99.10202931027715
cc_dysuria,-0.02585443747887209,0.02585443747887209,99.10202931027715
cc_emesis,0.025727455102603415,0.025727455102603415,99.10202931027715
othbactinf,0.024927086505377668,0.024927086505377668,99.561630442152
fxhip,0.02484980187578855,0.02484980187578855,99.561630442152
pancreascan,0.02456569137313998,0.02456569137313998,99.561630442152
meds_contraceptives,-0.02451280281518538,0.02451280281518538,99.561630442152
hivinfectn,0.024494416088686258,0.024494416088686258,99.561630442152
lipase_median,0.024480901964200625,0.024480901964200625,21.633725017217202
rctmanusca,0.024457884163979,0.024457884163979,99.561630442152
spo2_max,0.02433345410539949,0.02433345410539949,58.17594016621289
kidnyrnlca,0.024305168722590288,0.024305168722590288,99.561630442152
pochematocrit_max,-0.024297355496468498,0.024297355496468498,21.155211726965526
rheumarth,0.02427773323301711,0.02427773323301711,99.561630442152
alanineaminotransferase(alt)_last,0.024197873199395432,0.024197873199395432,22.3238403813833
"co2,poc_median",0.0241808115647952,0.0241808115647952,18.730708706372685
platelets_max,0.02409494884315934,0.02409494884315934,44.37095663406401
cc_fever-9weeksto74years,0.02405247128335814,0.02405247128335814,99.10202931027715
meds_antidotes,0.023849323985973545,0.023849323985973545,99.561630442152
cc_bodyfluidexposure,0.02377130783262933,0.02377130783262933,99.10202931027715
complicproc,0.023716880049895493,0.023716880049895493,99.561630442152
skinmelanom,0.023648922496101094,0.023648922496101094,99.561630442152
menstrualdx,-0.023519904702683468,0.023519904702683468,99.561630442152
cc_agitation,0.023293566282503727,0.023293566282503727,99.10202931027715
co2_last,-0.023133310184279107,0.023133310184279107,37.794699599990004
po2(poc)_min,-0.023132607300635186,0.023132607300635186,16.15847675053436
cc_facialswelling,-0.023080610855029,0.023080610855029,99.10202931027715
mchc_max,0.02303542825247156,0.02303542825247156,44.36863721841402
"glucose,meter_last",-0.023009923993507115,0.023009923993507115,7.400898505939487
cc_femaleguproblem,-0.022978965127126563,0.022978965127126563,99.10202931027715
phosphorus_min,0.02287332501357349,0.02287332501357349,16.88891426369258
cc_headache-newonsetornewsymptoms,0.02269802054400363,0.02269802054400363,99.10202931027715
otendodsor,0.022654255475856484,0.022654255475856484,99.561630442152
cc_shoulderinjury,-0.022609497853043083,0.022609497853043083,99.10202931027715
anc(absneutrophilcount)_min,-0.022603648597493167,0.022603648597493167,43.98646888593114
cc_abdominalpainpregnant,0.02235023136394458,0.02235023136394458,99.10202931027715
brainnscan,0.022264966326161453,0.022264966326161453,99.561630442152
lipase_last,0.02194686369851586,0.02194686369851586,11.701273537608433
cc_headache,-0.021924163469665952,0.021924163469665952,99.10202931027715
sle,0.021912950250200902,0.021912950250200902,99.561630442152
cc_elevatedbloodsugar-nosymptoms,0.02189538724288181,0.02189538724288181,99.10202931027715
cardiaarrst,0.02172932706476637,0.02172932706476637,99.561630442152
cardiacanom,0.021675733067860116,0.021675733067860116,99.561630442152
nephritis,0.021661896867634933,0.021661896867634933,99.561630442152
calculatedco2(poc)_min,-0.02146847922225089,0.02146847922225089,17.82845601852678
headachemig,-0.021375376874637978,0.021375376874637978,99.561630442152
esophcancer,0.021287799463449258,0.021287799463449258,99.561630442152
mycoses,0.021037884273204903,0.021037884273204903,99.561630442152
gastritis,0.021014718028195083,0.021014718028195083,99.561630442152
meds_antiinfectives,0.020968829804748148,0.020968829804748148,99.561630442152
ovarycancer,0.020696778091219906,0.020696778091219906,99.561630442152
cc_ribinjury,-0.02063875860773915,0.02063875860773915,99.10202931027715
baseexcess(poc)_min,-0.02063473382217727,0.02063473382217727,16.165613414072787
cc_vaginalbleeding,0.0206219514623871,0.0206219514623871,99.10202931027715
cc_headlaceration,-0.020618738643663346,0.020618738643663346,99.10202931027715
giconganom,0.020493722790898315,0.020493722790898315,99.561630442152
mch_min,0.020357764770735552,0.020357764770735552,44.36845880182556
cc_detoxevaluation,0.020352138368430955,0.020352138368430955,99.10202931027715
d-dimer_last,-0.020281992664141327,0.020281992664141327,1.7051273359191845
cc_medicalscreening,-0.02027040127866879,0.02027040127866879,99.10202931027715
cc_headinjury,-0.02010547258381415,0.02010547258381415,99.10202931027715
cc_ribpain,-0.019982086598410796,0.019982086598410796,99.10202931027715
cc_medicationproblem,-0.019910386009278212,0.019910386009278212,99.10202931027715
paralysis,0.0198809195695485,0.0198809195695485,99.561630442152
chloride_max,-0.019832543874063215,0.019832543874063215,43.41250272085298
intracrninj,0.0196196301763101,0.0196196301763101,99.561630442152
nrbcabsolute_last,0.01933441512715428,0.01933441512715428,8.080487291386405
cc_jawpain,-0.019190006652013904,0.019190006652013904,99.10202931027715
eosinoabs_max,0.019189179274806355,0.019189179274806355,8.868018112852061
temp_median,0.01914770774035151,0.01914770774035151,61.48503263239403
"co2calculated,venous(poc)_median",0.01907878901378972,0.01907878901378972,4.442573052672145
comabrndmg,0.01897901644926947,0.01897901644926947,99.561630442152
sicklecell,0.018957307008320753,0.018957307008320753,99.561630442152
cc_jointswelling,-0.0189373414559089,0.0189373414559089,99.10202931027715
abdomnlpain,0.018854398398744567,0.018854398398744567,99.561630442152
pid,-0.018823967694784068,0.018823967694784068,99.561630442152
cc_eyeinjury,-0.018673250861083127,0.018673250861083127,99.10202931027715
whtblooddx,0.01864745071139578,0.01864745071139578,99.561630442152
cc_generalizedbodyaches,-0.018472391554704235,0.018472391554704235,99.10202931027715
cc_addictionproblem,0.018420242181057776,0.018420242181057776,99.10202931027715
peritonitis,0.0184119062134131,0.0184119062134131,99.561630442152
ulceratcol,0.01830014264342688,0.01830014264342688,99.561630442152
stomchcancr,0.018246270071753806,0.018246270071753806,99.561630442152
miscellaneousmentalhealthdisorders,0.018223330364041827,0.018223330364041827,99.561630442152
otpregcomp,-0.018187779452240666,0.018187779452240666,99.561630442152
bonectcncr,0.018054992581037276,0.018054992581037276,99.561630442152
troponini(poc)_last,0.01771695960141516,0.01771695960141516,11.83794064436935
cc_giproblem,0.01764870086983671,0.01764870086983671,99.10202931027715
calculatedo2saturation(poc)_last,-0.017630535782809188,0.017630535782809188,7.3015204661668625
"po2,venous(poc)_median",0.017349506474178045,0.017349506474178045,4.446855050795203
lateeffcvd,0.017332635796114226,0.017332635796114226,99.561630442152
prolapse,0.017277508541564054,0.017277508541564054,99.561630442152
cc_facialinjury,-0.017250522883764826,0.017250522883764826,99.10202931027715
"o2satcalculated,venous(poc)_min",-0.017168568085714493,0.017168568085714493,4.44364355220291
cc_pain,-0.017061835626039176,0.017061835626039176,99.10202931027715
nauseavomit,0.017008683704537925,0.017008683704537925,99.561630442152
uteruscancr,0.01698389779733944,0.01698389779733944,99.561630442152
nrbcabsolute_median,0.016809713984082136,0.016809713984082136,8.888179187348124
cc_extremityweakness,0.01679456118930124,0.01679456118930124,99.10202931027715
"pco2,venous(poc)_min",-0.016353894052008423,0.016353894052008423,4.447211883972124
lungexternl,0.016313791789672263,0.016313791789672263,99.561630442152
cc_breastpain,-0.016295710326441993,0.016295710326441993,99.10202931027715
troponini(poc)_median,0.016258065702800695,0.016258065702800695,20.687046598844574
contraceptiv,-0.016242763147029517,0.016242763147029517,99.561630442152
fxleg,0.016144038351941108,0.016144038351941108,99.561630442152
artembolism,0.016059545921190427,0.016059545921190427,99.561630442152
hemmorhoids,0.016058122112349783,0.016058122112349783,99.561630442152
meds_analgesicandantihistaminecombination,0.01600142516249616,0.01600142516249616,99.561630442152
cc_abdominaldistention,0.01592339118645739,0.01592339118645739,99.10202931027715
ovariancyst,-0.01591871959066375,0.01591871959066375,99.561630442152
influenza,0.015833475060255644,0.015833475060255644,99.561630442152
"ph,venous(poc)_median",0.01582390272335483,0.01582390272335483,4.447390300560585
fxarm,0.015780644428999492,0.015780644428999492,99.561630442152
immunizscrn,0.015463296390084294,0.015463296390084294,99.561630442152
po2(poc)_median,0.015458606944107785,0.015458606944107785,16.15847675053436
lipase_min,0.015391779923765073,0.015391779923765073,21.633725017217202
eosinoabs_median,-0.015385933759416758,0.015385933759416758,8.868018112852061
wbc/hpf_max,0.0153352859232226,0.0153352859232226,16.08586119903084
poisnotmed,0.01532364055753185,0.01532364055753185,99.561630442152
immunitydx,0.01526740198613712,0.01526740198613712,99.561630442152
skininfectn,0.01517847616472859,0.01517847616472859,99.561630442152
cc_asthma,-0.015155006238151622,0.015155006238151622,99.10202931027715
cc_multiplefalls,0.01502132311818522,0.01502132311818522,99.10202931027715
othcnsinfx,0.015004395497285083,0.015004395497285083,99.561630442152
viralinfect,-0.01490543828528384,0.01490543828528384,99.561630442152
htninpreg,-0.014401173174424114,0.014401173174424114,99.561630442152
othskindx,0.014305367851161998,0.014305367851161998,99.561630442152
thyroidcncr,0.01377681787954048,0.01377681787954048,99.561630442152
cc_hemoptysis,0.013726289424911841,0.013726289424911841,99.10202931027715
superficinj,0.013707204134206745,0.013707204134206745,99.561630442152
otherpregnancyanddeliveryincludingnormal,-0.013625142191558972,0.013625142191558972,99.561630442152
mpv_last,0.013479383197845312,0.013479383197845312,39.68966218603141
hodgkinsds,0.013438510727925693,0.013438510727925693,99.561630442152
varicosevn,0.013420334743867054,0.013420334743867054,99.561630442152
pco2(poc)_min,-0.01339637528902699,0.01339637528902699,16.16686233019201
bronchitis,0.01334393101732894,0.01334393101732894,99.561630442152
gastroent,0.013196265055532345,0.013196265055532345,99.561630442152
cc_ingestion,0.013151970397854445,0.013151970397854445,99.10202931027715
dminpreg,-0.01301870309625197,0.01301870309625197,99.561630442152
ptt_min,-0.01290950981162211,0.01290950981162211,18.86273698183362
"o2satcalculated,venous(poc)_last",-0.012890206988290116,0.012890206988290116,2.789186527406572
lymphenlarg,0.012842039903239875,0.012842039903239875,99.561630442152
wbc/hpf_last,0.012727582294053331,0.012727582294053331,8.171122918324453
triage_vital_temp,0.012726112953017087,0.012726112953017087,67.24039494296021
giperitcan,0.01272186181483217,0.01272186181483217,99.561630442152
pregtestur_count,-0.012716856694670334,0.012716856694670334,99.561630442152
otherscreen,-0.012668313401363105,0.012668313401363105,99.561630442152
potassium_min,-0.012618711844918558,0.012618711844918558,43.07065653736222
cc_motorcyclecrash,0.01245989342656101,0.01245989342656101,99.10202931027715
cc_influenza,-0.012333565017445395,0.012333565017445395,99.10202931027715
cc_vaginalpain,-0.012178613333826077,0.012178613333826077,99.10202931027715
bun/creatratio_min,0.012143906686589889,0.012143906686589889,37.45838433074154
urinyorgca,0.012125411363251045,0.012125411363251045,99.561630442152
meds_blood,0.012114424462588308,0.012114424462588308,99.561630442152
cc_urinaryfrequency,-0.012079845452099867,0.012079845452099867,99.10202931027715
calculatedhco3(poc)i_min,-0.012074272031236967,0.012074272031236967,15.03516590958561
wbc_median,0.012005544565464982,0.012005544565464982,44.379520630310125
meds_biologicals,0.011932047142043819,0.011932047142043819,99.561630442152
ptt_median,0.011778487201187798,0.011778487201187798,18.86273698183362
troponini(poc)_min,0.011743083943862866,0.011743083943862866,20.687046598844574
cc_footswelling,-0.011553578562277083,0.011553578562277083,99.10202931027715
cc_allergicreaction,0.011483328014080668,0.011483328014080668,99.10202931027715
cc_headachere-evaluation,0.011438186581887647,0.011438186581887647,99.10202931027715
proteintotal_max,0.011428312574244181,0.011428312574244181,30.559550104730537
otfemalgen,-0.011365090531995137,0.011365090531995137,99.561630442152
cc_maleguproblem,-0.011353913096343019,0.011353913096343019,99.10202931027715
magnesium_median,-0.011213581907369945,0.011213581907369945,19.453295889638635
asthma,-0.011091977424435519,0.011091977424435519,99.561630442152
cc_flankpain,0.011087386316442415,0.011087386316442415,99.10202931027715
gangrene,0.011052933391005715,0.011052933391005715,99.561630442152
guconganom,0.011045789279543741,0.011045789279543741,99.561630442152
cc_numbness,0.010889440434782403,0.010889440434782403,99.10202931027715
eos_median,-0.01075536764843556,0.01075536764843556,43.97290922520812
feminfertil,-0.010696682351778744,0.010696682351778744,99.561630442152
exameval,0.010689735485139365,0.010689735485139365,99.561630442152
maintchemr,0.010677116030701948,0.010677116030701948,99.561630442152
cc_rectalpain,-0.010640751588090509,0.010640751588090509,99.10202931027715
sodium_median,-0.01061455234670756,0.01061455234670756,43.41178905449913
inducabortn,-0.010604415075594571,0.010604415075594571,99.561630442152
cc_edema,0.010522824074622227,0.010522824074622227,99.10202931027715
ms,0.01041592554685481,0.01041592554685481,99.561630442152
cc_urinaryretention,0.01040352949056078,0.01040352949056078,99.10202931027715
eosinoabs_last,-0.010383697771786535,0.010383697771786535,8.05015647134808
cc_medicalproblem,0.010295275092029049,0.010295275092029049,99.10202931027715
cysticfibro,0.01019911915718572,0.01019911915718572,99.561630442152
"glucose,meter_median",-0.0101840089889277,0.0101840089889277,14.159497293420353
mouthdx,0.010105348247517553,0.010105348247517553,99.561630442152
cc_fever,-0.010065659280592406,0.010065659280592406,99.10202931027715
otprimryca,0.009967344190230555,0.009967344190230555,99.561630442152
"po2,venous(poc)_min",-0.009890688990501688,0.009890688990501688,4.446855050795203
bnignutneo,-0.009866057787932295,0.009866057787932295,99.561630442152
calculatedo2saturation(poc)_median,0.009830139516182283,0.009830139516182283,16.152410586526695
otconganom,0.00977669114787509,0.00977669114787509,99.561630442152
"pco2,venous(poc)_median",0.00972341193410393,0.00972341193410393,4.447211883972124
infmalegen,0.009678693152741372,0.009678693152741372,99.561630442152
absolutelymphocytecount_max,-0.009665952242313414,0.009665952242313414,43.755062570697575
nrbcabsolute_min,0.009594968982756637,0.009594968982756637,8.888179187348124
cc_woundinfection,-0.009495800288791892,0.009495800288791892,99.10202931027715
ectopicpreg,-0.009495628085385585,0.009495628085385585,99.561630442152
cc_wheezing,-0.009478267078942676,0.009478267078942676,99.10202931027715
"co2calculated,venous(poc)_min",-0.009450237874612582,0.009450237874612582,4.442573052672145
spontabortn,-0.009319704832857174,0.009319704832857174,99.561630442152
opnwndextr,0.009317865907547717,0.009317865907547717,99.561630442152
amniosdx,-0.009291090942397748,0.009291090942397748,99.561630442152
analrectal,0.009064617945336511,0.009064617945336511,99.561630442152
"o2satcalculated,venous(poc)_median",0.009003362732297411,0.009003362732297411,4.44364355220291
tuberculosis,0.008944769398044549,0.008944769398044549,99.561630442152
cc_chesttightness,0.008900158445989232,0.008900158445989232,99.10202931027715
cc_nausea,0.008787856950033493,0.008787856950033493,99.10202931027715
cc_swallowedforeignbody,0.008726529196396026,0.008726529196396026,99.10202931027715
otacqdefor,0.008464175974855498,0.008464175974855498,99.561630442152
earlylabor,-0.008445170497194933,0.008445170497194933,99.561630442152
triage_vital_dbp_outside_plausible_range,0.008275370017813873,0.008275370017813873,99.561630442152
cc_dehydration,0.00824919917273296,0.00824919917273296,99.10202931027715
cc_seizures,0.008228135999985897,0.008228135999985897,99.10202931027715
cc_pelvicpain,-0.008155016883651233,0.008155016883651233,99.10202931027715
cc_post-opproblem,0.008111194629245201,0.008111194629245201,99.10202931027715
cc_oralswelling,-0.00802971596726578,0.00802971596726578,99.10202931027715
tsh_last,-0.007982879374468045,0.007982879374468045,3.138169374435758
rbc/hpf_min,-0.007879116075224249,0.007879116075224249,15.888889285370198
cc_armswelling,-0.007832124551888904,0.007832124551888904,99.10202931027715
cc_breathingproblem,0.007795844297459208,0.007795844297459208,99.10202931027715
tsh_min,-0.007645096659123591,0.007645096659123591,8.18468257904747
wbc/hpf_median,0.007569693638843134,0.007569693638843134,16.08586119903084
cc_groinpain,-0.007557411097773776,0.007557411097773776,99.10202931027715
crushinjury,0.0075315307481507955,0.0075315307481507955,99.561630442152
shock,0.007439507160998051,0.007439507160998051,99.561630442152
encephalitis,0.007417512615149911,0.007417512615149911,99.561630442152
cc_epigastricpain,0.007399685560113592,0.007399685560113592,99.10202931027715
alanineaminotransferase(alt)_min,0.007355304608560788,0.007355304608560788,32.99796961922332
jointinjury,-0.00721282817862411,0.00721282817862411,99.561630442152
fuo,0.0071797941350563825,0.0071797941350563825,99.561630442152
cc_chills,-0.007065602580486531,0.007065602580486531,99.10202931027715
cc_blurredvision,0.007063671711359788,0.007063671711359788,99.10202931027715
cc_testiclepain,0.007036709146400199,0.007036709146400199,99.10202931027715
femgenitca,0.006982336255663349,0.006982336255663349,99.561630442152
acqfootdef,0.006773396621280084,0.006773396621280084,99.561630442152
malgenitca,0.006628559298370618,0.006628559298370618,99.561630442152
nervcongan,0.006563160908112337,0.006563160908112337,99.561630442152
spincorinj,0.006549731739063763,0.006549731739063763,99.561630442152
opnwndhead,0.00653209840057824,0.00653209840057824,99.561630442152
rbc/hpf_median,-0.006487736921127523,0.006487736921127523,15.888889285370198
hemorrpreg,-0.006348179151039584,0.006348179151039584,99.561630442152
developmentaldisorders,0.006320879757017007,0.006320879757017007,99.561630442152
fxskullfac,0.006224855415915915,0.006224855415915915,99.561630442152
magnesium_last,-0.006178980752165377,0.006178980752165377,8.882826689694301
endometrios,-0.006110976153702865,0.006110976153702865,99.561630442152
ecodescutpierce,0.0059917208342027545,0.0059917208342027545,99.561630442152
cc_hyperglycemia,0.005966189036254558,0.005966189036254558,99.10202931027715
meds_investigational,0.005807162468878512,0.005807162468878512,99.561630442152
meningitis,0.005692815893737258,0.005692815893737258,99.561630442152
rbc/hpf_max,-0.005643327783438206,0.005643327783438206,15.888889285370198
cc_legswelling,0.0055673927069471935,0.0055673927069471935,99.10202931027715
cc_hematuria,0.0053993555995256685,0.0053993555995256685,99.10202931027715
tonsillitis,-0.005344157725941021,0.005344157725941021,99.561630442152
longpregncy,-0.005280231148653426,0.005280231148653426,99.561630442152
cktotal_median,0.005249079340215133,0.005249079340215133,7.173774188828981
cervixcancr,0.005235144310063058,0.005235144310063058,99.561630442152
teethdx,0.005146904847014053,0.005146904847014053,99.561630442152
cc_cellulitis,-0.005012602411030425,0.005012602411030425,99.10202931027715
cc_epistaxis,-0.004940600210462229,0.004940600210462229,99.10202931027715
cc_diarrhea,0.004855602079317884,0.004855602079317884,99.10202931027715
meds_pre-natalvitamins,-0.0048402152283592535,0.0048402152283592535,99.561630442152
impulsecontroldisordersnec,0.00482771712931314,0.00482771712931314,99.561630442152
othereyedx,0.004776734675162064,0.004776734675162064,99.561630442152
cktotal_min,0.004743068979977117,0.004743068979977117,7.173774188828981
pregtestur_npos,-0.004718567630004392,0.004718567630004392,99.561630442152
cc_fall,0.004599976207902342,0.004599976207902342,99.10202931027715
ecodesmotorvehicletrafficmvt,0.004584062166276335,0.004584062166276335,99.561630442152
ecodesadverseeffectsofmedicalcare,0.0045045191131401,0.0045045191131401,99.561630442152
cktotal_max,0.0044658173230023015,0.0044658173230023015,7.173774188828981
triage_vital_sbp_outside_plausible_range,0.0044440743961928495,0.0044440743961928495,99.561630442152
testiscancr,0.004443478579782441,0.004443478579782441,99.561630442152
appendicitis,-0.004376612722144855,0.004376612722144855,99.561630442152
pathologfx,0.004373476615661955,0.004373476615661955,99.561630442152
mpv_median,-0.004368643758789218,0.004368643758789218,44.339376897906455
burns,0.004320800282120919,0.004320800282120919,99.561630442152
cc_anxiety,0.004246300767093198,0.004246300767093198,99.10202931027715
othinfectns,0.004206803953877151,0.004206803953877151,99.561630442152
otitismedia,-0.004195329892644307,0.004195329892644307,99.561630442152
rbc/hpf_last,-0.004132206434590013,0.004132206434590013,8.002162409052143
otrespirca,0.004074517842424283,0.004074517842424283,99.561630442152
"hco3calculated,venous(poc)_min",-0.00399431270341818,0.00399431270341818,4.447211883972124
meds_antihistamineanddecongestantcombination,0.003990666676109165,0.003990666676109165,99.561630442152
cc_migraine,-0.003948766409115699,0.003948766409115699,99.10202931027715
cc_follow-upcellulitis,-0.003860163631462795,0.003860163631462795,99.10202931027715
poisonpsych,0.003735803153005381,0.003735803153005381,99.561630442152
otcomplbir,-0.003714555233430433,0.003714555233430433,99.561630442152
eos_last,-0.0036723637245638465,0.0036723637245638465,39.123546350845515
cc_constipation,-0.003565125908700917,0.003565125908700917,99.10202931027715
ecodespedalcyclistnotmvt,-0.0035514107071295915,0.0035514107071295915,99.561630442152
otupprresp,0.0034847715811141444,0.0034847715811141444,99.561630442152
prevcsectn,-0.0034031825824680628,0.0034031825824680628,99.561630442152
cc_bleeding/bruising,0.003307481510666795,0.003307481510666795,99.10202931027715
tsh_median,-0.0032894648721989227,0.0032894648721989227,8.18468257904747
ecodesotherspecifiedandclassifiable,-0.00326815606163549,0.00326815606163549,99.561630442152
triage_vital_hr_outside_plausible_range,0.003099637036252388,0.003099637036252388,99.561630442152
fetaldistrs,-0.003046434282781822,0.003046434282781822,99.561630442152
allergy,-0.0030387659457139834,0.0030387659457139834,99.561630442152
respdistres,0.0029530108302887772,0.0029530108302887772,99.561630442152
ecodesfirearm,-0.002809503823477185,0.002809503823477185,99.561630442152
ecodesotherspecifiednec,0.0026743009405716064,0.0026743009405716064,99.561630442152
po2(poc)_last,-0.0026695055190916594,0.0026695055190916594,7.305445631112999
pocsodium_max,-0.00258991860114557,0.00258991860114557,21.159493725088584
breastdx,0.0025336401626879297,0.0025336401626879297,99.561630442152
meds_antiallergy,0.002495740722427333,0.002495740722427333,99.561630442152
"baseexcess,venous(poc)_min",-0.002429686382150783,0.002429686382150783,4.44631980102982
cc_abdominalcramping,-0.0022280027044403825,0.0022280027044403825,99.10202931027715
disordersusuallydiagnosedininfancych,0.0021979164154761134,0.0021979164154761134,99.561630442152
rehab,0.0021741616567745835,0.0021741616567745835,99.561630442152
birthasphyx,0.002110950146034615,0.002110950146034615,99.561630442152
"ph,venous(poc)_last",0.0020831671104544446,0.0020831671104544446,2.7954311080026977
adjustmentdisorders,0.001854607393575156,0.001854607393575156,99.561630442152
obrelatedperintrauma,-0.0018397328910032607,0.0018397328910032607,99.561630442152
poisnnonmed,0.0018041952047412432,0.0018041952047412432,99.561630442152
ecodessuffocation,0.0017969936501645916,0.0017969936501645916,99.561630442152
pocglucose_min,-0.0017716175161354194,0.0017716175161354194,25.439707682261464
ecodesadverseeffectsofmedicaldrugs,0.0017394582628473606,0.0017394582628473606,99.561630442152
ecodespoisoning,0.001687679522241064,0.001687679522241064,99.561630442152
ecodesnaturalenvironment,0.0016547876052473796,0.0016547876052473796,99.561630442152
tsh_max,0.0016148270425061953,0.0016148270425061953,8.18468257904747
ecodesfireburn,0.0015593564446217498,0.0015593564446217498,99.561630442152
ecodestransportnotmvt,0.0014693786987394475,0.0014693786987394475,99.561630442152
malposition,-0.0014156602026396108,0.0014156602026396108,99.561630442152
cc_headache-recurrentorknowndxmigraines,-0.0014105388496132452,0.0014105388496132452,99.10202931027715
otuprspin,-0.0013581238297373358,0.0013581238297373358,99.561630442152
ecodesdrowningsubmersion,0.0013043657866254842,0.0013043657866254842,99.561630442152
birthtrauma,-0.0013016284474242686,0.0013016284474242686,99.561630442152
"po2,venous(poc)_last",0.001300136646509075,0.001300136646509075,2.792576442587326
neutrophils_min,-0.0011924180197633283,0.0011924180197633283,44.13616040364969
pelvicobstr,0.0011185804833660283,0.0011185804833660283,99.561630442152
perintjaund,0.0010840890576126138,0.0010840890576126138,99.561630442152
wbc/hpf_min,0.0010727709123127573,0.0010727709123127573,16.08586119903084
poctroponini._max,-0.000972249599053534,0.000972249599053534,0.7857466555810494
poctroponini._median,-0.000969961499009626,0.000969961499009626,0.7857466555810494
poctroponini._min,-0.0009680087376760821,0.0009680087376760821,0.7857466555810494
lowbirthwt,-0.0009395677378533184,0.0009395677378533184,99.561630442152
acutphanm,0.0008830206481196195,0.0008830206481196195,99.561630442152
meds_anti-obesitydrugs,0.0008765342860503104,0.0008765342860503104,99.561630442152
otperintdx,-0.0008715081372345231,0.0008715081372345231,99.561630442152
liveborn,-0.0008655644530913966,0.0008655644530913966,99.561630442152
triage_vital_dbp,0.0007311837311325842,0.0007311837311325842,69.88702661618666
menopausldx,-0.0007061409176414938,0.0007061409176414938,99.561630442152
cc_assaultvictim,0.0006453386128017086,0.0006453386128017086,99.10202931027715
abortcompl,0.0004959812721854383,0.0004959812721854383,99.561630442152
ecodesunspecified,0.00037497859225606866,0.00037497859225606866,99.561630442152
sprain,0.0003598066072689612,0.0003598066072689612,99.561630442152
cktotal_last,0.00035571727013248693,0.00035571727013248693,2.1845327091131623
eyeinfectn,0.00032823665441764137,0.00032823665441764137,99.561630442152
cc_rectalbleeding,0.00018888841767565698,0.00018888841767565698,99.10202931027715
cc_panicattack,-9.073809959051025e-05,9.073809959051025e-05,99.10202931027715
ecodesstruckbyagainst,7.630443751701293e-05,7.630443751701293e-05,99.561630442152
pregtestur_last,6.877970561621587e-05,6.877970561621587e-05,99.561630442152
umbilcord,4.6726315573753936e-05,4.6726315573753936e-05,99.561630442152
ecodesplaceofoccurrence,2.6977354185880443e-05,2.6977354185880443e-05,99.561630442152
"bloodculture,routine_last",1.9075852991080573e-05,1.9075852991080573e-05,99.561630442152
"bloodculture,routine_npos",1.9075852991080573e-05,1.9075852991080573e-05,99.561630442152
septicemiaexceptinlabor,1.9075852991080112e-05,1.9075852991080112e-05,99.561630442152
