,missing_pct,missing_count,dtype
"phencyclidine(pcp)screen,urine,noconf._median",100.0,560486,float64
"phencyclidine(pcp)screen,urine,noconf._last",100.0,560486,float64
"phencyclidine(pcp)screen,urine,noconf._max",100.0,560486,float64
"phencyclidine(pcp)screen,urine,noconf._min",100.0,560486,float64
"benzodiazepinesscreen,urine,noconf._last",99.99982158341155,560485,float64
epithelialcells_last,99.99857266729232,560478,float64
"benzodiazepinesscreen,urine,noconf._median",99.99750216776155,560472,float64
"benzodiazepinesscreen,urine,noconf._min",99.99750216776155,560472,float64
"benzodiazepinesscreen,urine,noconf._max",99.99750216776155,560472,float64
epithelialcells_min,99.99446908575771,560455,float64
epithelialcells_median,99.99446908575771,560455,float64
epithelialcells_max,99.99446908575771,560455,float64
acetonebld_last,99.92934703096955,560090,float64
poctroponini._last,99.83496465567383,559561,float64
acetonebld_min,99.59285334513261,558204,float64
acetonebld_max,99.59285334513261,558204,float64
acetonebld_median,99.59285334513261,558204,float64
poctroponini._min,99.21050659606128,556061,float64
poctroponini._max,99.21050659606128,556061,float64
poctroponini._median,99.21050659606128,556061,float64
egfr_last,98.48096116584536,551972,float64
d-dimer_last,98.28934174983853,550898,float64
"b-typenatriureticpeptide,pro(probnp)_last",98.05365343648191,549577,float64
cktotal_last,97.80690329464072,548194,float64
troponint_last,97.58334730929943,546941,float64
"co2calculated,venous(poc)_last",97.19850272798963,544784,float64
"o2satcalculated,venous(poc)_last",97.19725381187041,544777,float64
"po2,venous(poc)_last",97.19386389668966,544758,float64
"baseexcess,venous(poc)_last",97.1927933971589,544752,float64
"pco2,venous(poc)_last",97.19118764786275,544743,float64
"hco3calculated,venous(poc)_last",97.19118764786275,544743,float64
"ph,venous(poc)_last",97.19083081468582,544741,float64
tsh_last,96.85148246343353,542839,float64
egfr_max,96.83435447094129,542743,float64
egfr_min,96.83435447094129,542743,float64
egfr_median,96.83435447094129,542743,float64
"co2calculated,venous(poc)_min",95.53744428942025,535474,float64
"co2calculated,venous(poc)_median",95.53744428942025,535474,float64
"co2calculated,venous(poc)_max",95.53744428942025,535474,float64
"o2satcalculated,venous(poc)_min",95.53655220647795,535469,float64
"o2satcalculated,venous(poc)_median",95.53655220647795,535469,float64
"o2satcalculated,venous(poc)_max",95.53655220647795,535469,float64
"baseexcess,venous(poc)_max",95.53369754106258,535453,float64
"baseexcess,venous(poc)_min",95.53369754106258,535453,float64
"baseexcess,venous(poc)_median",95.53369754106258,535453,float64
"po2,venous(poc)_median",95.53334070788566,535451,float64
"po2,venous(poc)_max",95.53334070788566,535451,float64
"po2,venous(poc)_min",95.53334070788566,535451,float64
"hco3calculated,venous(poc)_max",95.53280545812028,535448,float64
"hco3calculated,venous(poc)_median",95.53280545812028,535448,float64
"pco2,venous(poc)_min",95.53280545812028,535448,float64
"pco2,venous(poc)_max",95.53280545812028,535448,float64
"hco3calculated,venous(poc)_min",95.53280545812028,535448,float64
"pco2,venous(poc)_median",95.53280545812028,535448,float64
"ph,venous(poc)_min",95.53262704153181,535447,float64
"ph,venous(poc)_median",95.53262704153181,535447,float64
"ph,venous(poc)_max",95.53262704153181,535447,float64
d-dimer_min,95.26535899201764,533949,float64
d-dimer_max,95.26535899201764,533949,float64
d-dimer_median,95.26535899201764,533949,float64
"b-typenatriureticpeptide,pro(probnp)_max",95.14974504269509,533301,float64
"b-typenatriureticpeptide,pro(probnp)_min",95.14974504269509,533301,float64
"b-typenatriureticpeptide,pro(probnp)_median",95.14974504269509,533301,float64
egfr(aframer)_last,95.04626342138786,532721,float64
calculatedhco3(poc)i_last,93.04282354956234,521492,float64
egfr(nonafricanamerican)_last,92.91240102339755,520761,float64
phosphorus_last,92.89241836548995,520649,float64
cktotal_max,92.80231798831728,520144,float64
cktotal_median,92.80231798831728,520144,float64
cktotal_min,92.80231798831728,520144,float64
calculatedo2saturation(poc)_last,92.66743504744097,519388,float64
po2(poc)_last,92.66350988249484,519366,float64
baseexcess(poc)_last,92.65833580142947,519337,float64
pco2(poc)_last,92.65690846872178,519329,float64
egfr(aframer)_max,92.61266115478352,519081,float64
egfr(aframer)_min,92.61266115478352,519081,float64
egfr(aframer)_median,92.61266115478352,519081,float64
"glucose,meter_last",92.57198217261448,518853,float64
troponint_median,92.45993655506113,518225,float64
troponint_min,92.45993655506113,518225,float64
troponint_max,92.45993655506113,518225,float64
immaturegrans(abs)_last,92.2861587979004,517251,float64
immaturegranulocytes_last,92.28383938225039,517238,float64
monosabs_last,92.06313806232448,516001,float64
pocph_last,92.01710658250161,515743,float64
rbc/hpf_last,91.96607943820185,515457,float64
eosinoabs_last,91.91416021095978,515166,float64
calculatedco2(poc)_last,91.90113580000214,515093,float64
nrbcabsolute_last,91.88347255774453,514994,float64
wbc/hpf_last,91.79711892892954,514510,float64
tsh_max,91.78962543221418,514468,float64
tsh_min,91.78962543221418,514468,float64
tsh_median,91.78962543221418,514468,float64
basosabs_last,91.69096105879541,513915,float64
nrbc_last,91.67490356583393,513825,float64
immaturegrans(abs)_min,91.32806171786628,511881,float64
immaturegrans(abs)_max,91.32806171786628,511881,float64
immaturegrans(abs)_median,91.32806171786628,511881,float64
immaturegranulocytes_min,91.32556388562783,511867,float64
immaturegranulocytes_max,91.32556388562783,511867,float64
immaturegranulocytes_median,91.32556388562783,511867,float64
ptt_last,91.12181214160567,510725,float64
eosinoabs_max,91.09290865427504,510563,float64
eosinoabs_median,91.09290865427504,510563,float64
eosinoabs_min,91.09290865427504,510563,float64
magnesium_last,91.07792166084434,510479,float64
nrbcabsolute_max,91.07239074660207,510448,float64
nrbcabsolute_min,91.07239074660207,510448,float64
nrbcabsolute_median,91.07239074660207,510448,float64
monosabs_min,91.03545851279068,510241,float64
monosabs_median,91.03545851279068,510241,float64
monosabs_max,91.03545851279068,510241,float64
"co2,poc_last",90.8559714247992,509235,float64
basosabs_median,90.79977019943406,508920,float64
basosabs_max,90.79977019943406,508920,float64
basosabs_min,90.79977019943406,508920,float64
nrbc_min,90.50716699435847,507280,float64
nrbc_median,90.50716699435847,507280,float64
nrbc_max,90.50716699435847,507280,float64
bilirubindirect_last,90.13481157424093,505193,float64
"lactate,poc_last",89.84167311939994,503550,float64
pocbun_last,89.78118989591177,503211,float64
pocpotassium_last,89.7792273134387,503200,float64
poccreatinine_last,89.77155540013489,503157,float64
pocionizedcalcium_last,89.76049357165031,503095,float64
pochematocrit_last,89.75638999011572,503072,float64
pocsodium_last,89.75264324175805,503051,float64
egfr(nonafricanamerican)_max,89.60277330745103,502211,float64
egfr(nonafricanamerican)_median,89.60277330745103,502211,float64
egfr(nonafricanamerican)_min,89.60277330745103,502211,float64
lipase_last,88.24591515220719,494606,float64
troponini(poc)_last,88.11816887486931,493890,float64
prothrombintime_last,86.02034662774805,482132,float64
inr_last,86.00714380020197,482058,float64
"glucose,meter_min",85.78590723051066,480818,float64
"glucose,meter_median",85.78590723051066,480818,float64
"glucose,meter_max",85.78590723051066,480818,float64
pocglucose_last,85.11702344037138,477069,float64
calculatedhco3(poc)i_min,84.91130911387617,475916,float64
calculatedhco3(poc)i_median,84.91130911387617,475916,float64
calculatedhco3(poc)i_max,84.91130911387617,475916,float64
rbc/hpf_max,84.05473107267622,471115,float64
rbc/hpf_median,84.05473107267622,471115,float64
rbc/hpf_min,84.05473107267622,471115,float64
wbc/hpf_max,83.85847282536942,470015,float64
wbc/hpf_median,83.85847282536942,470015,float64
wbc/hpf_min,83.85847282536942,470015,float64
calculatedo2saturation(poc)_max,83.78781985633896,469619,float64
calculatedo2saturation(poc)_median,83.78781985633896,469619,float64
calculatedo2saturation(poc)_min,83.78781985633896,469619,float64
po2(poc)_median,83.78175369233129,469585,float64
po2(poc)_max,83.78175369233129,469585,float64
po2(poc)_min,83.78175369233129,469585,float64
baseexcess(poc)_min,83.77461702879286,469545,float64
baseexcess(poc)_median,83.77461702879286,469545,float64
baseexcess(poc)_max,83.77461702879286,469545,float64
pco2(poc)_median,83.77336811267364,469538,float64
pco2(poc)_max,83.77336811267364,469538,float64
pco2(poc)_min,83.77336811267364,469538,float64
phosphorus_max,83.04863993034617,465476,float64
phosphorus_median,83.04863993034617,465476,float64
phosphorus_min,83.04863993034617,465476,float64
pocph_min,82.21204454705381,460787,float64
pocph_max,82.21204454705381,460787,float64
pocph_median,82.21204454705381,460787,float64
calculatedco2(poc)_max,82.10249676173892,460173,float64
calculatedco2(poc)_median,82.10249676173892,460173,float64
calculatedco2(poc)_min,82.10249676173892,460173,float64
"co2,poc_median",81.19631890894688,455094,float64
"co2,poc_min",81.19631890894688,455094,float64
"co2,poc_max",81.19631890894688,455094,float64
ptt_max,81.06197121783595,454341,float64
ptt_min,81.06197121783595,454341,float64
ptt_median,81.06197121783595,454341,float64
"lactate,poc_min",80.88069996395984,453325,float64
"lactate,poc_median",80.88069996395984,453325,float64
"lactate,poc_max",80.88069996395984,453325,float64
proteintotal_last,80.5611558540267,451534,float64
magnesium_min,80.46605981237711,451001,float64
magnesium_max,80.46605981237711,451001,float64
magnesium_median,80.46605981237711,451001,float64
globulin_last,80.3875565134544,450561,float64
albumin_last,80.10048422262108,448952,float64
troponini(poc)_max,79.23587743494039,444106,float64
troponini(poc)_min,79.23587743494039,444106,float64
troponini(poc)_median,79.23587743494039,444106,float64
bilirubindirect_median,78.89956216569192,442221,float64
bilirubindirect_min,78.89956216569192,442221,float64
bilirubindirect_max,78.89956216569192,442221,float64
pocbun_median,78.79322587896932,441625,float64
pocbun_min,78.79322587896932,441625,float64
pocbun_max,78.79322587896932,441625,float64
pocpotassium_min,78.77859571871554,441543,float64
pocpotassium_max,78.77859571871554,441543,float64
pocpotassium_median,78.77859571871554,441543,float64
poccreatinine_min,78.77806046895016,441540,float64
poccreatinine_median,78.77806046895016,441540,float64
poccreatinine_max,78.77806046895016,441540,float64
pocionizedcalcium_max,78.76414397505023,441462,float64
pocionizedcalcium_median,78.76414397505023,441462,float64
pocionizedcalcium_min,78.76414397505023,441462,float64
pochematocrit_max,78.7578993944541,441427,float64
pochematocrit_min,78.7578993944541,441427,float64
pochematocrit_median,78.7578993944541,441427,float64
pocsodium_min,78.75343897974258,441402,float64
pocsodium_median,78.75343897974258,441402,float64
pocsodium_max,78.75343897974258,441402,float64
lipase_max,78.27920768761396,438744,float64
lipase_median,78.27920768761396,438744,float64
lipase_min,78.27920768761396,438744,float64
aspartateaminotransferase(ast)_last,78.06207469945726,437527,float64
alanineaminotransferase(alt)_last,77.5812419935556,434832,float64
bilirubintotal_last,77.54823492469036,434647,float64
alkphos_last,77.38908732778339,433755,float64
prothrombintime_median,75.43667460025763,422812,float64
prothrombintime_max,75.43667460025763,422812,float64
prothrombintime_min,75.43667460025763,422812,float64
inr_median,75.4254343551846,422749,float64
inr_max,75.4254343551846,422749,float64
inr_min,75.4254343551846,422749,float64
pocglucose_min,74.45788119596207,417326,float64
pocglucose_max,74.45788119596207,417326,float64
pocglucose_median,74.45788119596207,417326,float64
bun/creatratio_last,70.27561794585412,393885,float64
proteintotal_max,69.32430069618152,388553,float64
proteintotal_min,69.32430069618152,388553,float64
proteintotal_median,69.32430069618152,388553,float64
globulin_median,69.14784669019387,387564,float64
globulin_max,69.14784669019387,387564,float64
globulin_min,69.14784669019387,387564,float64
albumin_median,68.89663613364117,386156,float64
albumin_max,68.89663613364117,386156,float64
albumin_min,68.89663613364117,386156,float64
aspartateaminotransferase(ast)_max,67.2086367902142,376695,float64
aspartateaminotransferase(ast)_median,67.2086367902142,376695,float64
aspartateaminotransferase(ast)_min,67.2086367902142,376695,float64
alanineaminotransferase(alt)_max,66.87267835414265,374812,float64
alanineaminotransferase(alt)_min,66.87267835414265,374812,float64
alanineaminotransferase(alt)_median,66.87267835414265,374812,float64
bilirubintotal_min,66.84805686493507,374674,float64
bilirubintotal_max,66.84805686493507,374674,float64
bilirubintotal_median,66.84805686493507,374674,float64
alkphos_median,66.68944451779349,373785,float64
alkphos_min,66.68944451779349,373785,float64
alkphos_max,66.68944451779349,373785,float64
potassium_last,62.71360926053461,351501,float64
bun/creatratio_median,62.37604507516691,349609,float64
bun/creatratio_min,62.37604507516691,349609,float64
bun/creatratio_max,62.37604507516691,349609,float64
aniongap_last,62.26471312396742,348985,float64
glucose_last,62.04811538557608,347771,float64
co2_last,62.02920322719925,347665,float64
bun_last,62.02010398118776,347614,float64
creatinine_last,62.016714066007005,347595,float64
sodium_last,62.00707957023012,347541,float64
chloride_last,62.00600907069935,347535,float64
calcium_last,61.783345168300364,346287,float64
absolutelymphocytecount_last,61.11838654310723,342560,float64
anc(absneutrophilcount)_last,60.71123988823985,340278,float64
basos_last,60.7087420560014,340264,float64
eos_last,60.70802838964755,340260,float64
lymphs_last,60.67591340372462,340080,float64
monocytes_last,60.48322348818703,339000,float64
neutrophils_last,60.45271425156026,338829,float64
hemoglobin_last,60.24610784212273,337671,float64
hematocrit_last,60.23236976481125,337594,float64
mpv_last,60.128709726915574,337013,float64
platelets_last,60.03058060326217,336463,float64
mch_last,60.02790435443526,336448,float64
mchc_last,60.027725937846796,336447,float64
rbc_last,60.018983525012224,336398,float64
rdw_last,60.01380944394686,336369,float64
mcv_last,60.011133195119946,336354,float64
wbc_last,60.00667278040843,336329,float64
potassium_min,56.73986504569248,318019,float64
potassium_max,56.73986504569248,318019,float64
potassium_median,56.73986504569248,318019,float64
aniongap_min,56.5621621235856,317023,float64
aniongap_median,56.5621621235856,317023,float64
aniongap_max,56.5621621235856,317023,float64
glucose_median,56.42103460211316,316232,float64
glucose_min,56.42103460211316,316232,float64
glucose_max,56.42103460211316,316232,float64
spo2_last,56.417109437167035,316210,float64
bun_min,56.406226025270925,316149,float64
bun_median,56.406226025270925,316149,float64
bun_max,56.406226025270925,316149,float64
creatinine_max,56.4049771091517,316142,float64
creatinine_median,56.4049771091517,316142,float64
creatinine_min,56.4049771091517,316142,float64
co2_max,56.40462027597478,316140,float64
co2_median,56.40462027597478,316140,float64
co2_min,56.40462027597478,316140,float64
sodium_min,56.3958778631402,316091,float64
sodium_max,56.3958778631402,316091,float64
sodium_median,56.3958778631402,316091,float64
chloride_max,56.39516419678636,316087,float64
chloride_min,56.39516419678636,316087,float64
chloride_median,56.39516419678636,316087,float64
calcium_median,56.29346674136374,315517,float64
calcium_min,56.29346674136374,315517,float64
calcium_max,56.29346674136374,315517,float64
absolutelymphocytecount_min,56.059562593891734,314206,float64
absolutelymphocytecount_max,56.059562593891734,314206,float64
absolutelymphocytecount_median,56.059562593891734,314206,float64
basos_median,55.8402886066735,312977,float64
basos_min,55.8402886066735,312977,float64
basos_max,55.8402886066735,312977,float64
eos_min,55.840110190085035,312976,float64
eos_max,55.840110190085035,312976,float64
eos_median,55.840110190085035,312976,float64
anc(absneutrophilcount)_median,55.82565844641971,312895,float64
anc(absneutrophilcount)_max,55.82565844641971,312895,float64
anc(absneutrophilcount)_min,55.82565844641971,312895,float64
lymphs_median,55.82173328147357,312873,float64
lymphs_max,55.82173328147357,312873,float64
lymphs_min,55.82173328147357,312873,float64
monocytes_min,55.686850340597275,312117,float64
monocytes_median,55.686850340597275,312117,float64
monocytes_max,55.686850340597275,312117,float64
neutrophils_max,55.66936551492812,312019,float64
neutrophils_min,55.66936551492812,312019,float64
neutrophils_median,55.66936551492812,312019,float64
hemoglobin_min,55.5867586344708,311556,float64
hemoglobin_median,55.5867586344708,311556,float64
hemoglobin_max,55.5867586344708,311556,float64
hematocrit_median,55.57890830457852,311512,float64
hematocrit_min,55.57890830457852,311512,float64
hematocrit_max,55.57890830457852,311512,float64
mpv_max,55.46418643819828,310869,float64
mpv_median,55.46418643819828,310869,float64
mpv_min,55.46418643819828,310869,float64
mch_median,55.4345692845138,310703,float64
mch_min,55.4345692845138,310703,float64
mch_max,55.4345692845138,310703,float64
mchc_median,55.43439086792533,310702,float64
mchc_min,55.43439086792533,310702,float64
mchc_max,55.43439086792533,310702,float64
platelets_max,55.432071452275345,310689,float64
platelets_min,55.432071452275345,310689,float64
platelets_median,55.432071452275345,310689,float64
rbc_median,55.429930453213814,310677,float64
rbc_max,55.429930453213814,310677,float64
rbc_min,55.429930453213814,310677,float64
rdw_median,55.4254700385023,310652,float64
rdw_min,55.4254700385023,310652,float64
rdw_max,55.4254700385023,310652,float64
mcv_median,55.42511320532538,310650,float64
mcv_max,55.42511320532538,310650,float64
mcv_min,55.42511320532538,310650,float64
wbc_max,55.42350745602923,310641,float64
wbc_median,55.42350745602923,310641,float64
wbc_min,55.42350745602923,310641,float64
temp_last,54.66684270436728,306400,float64
triage_vital_o2,48.40745353139953,271317,float64
o2_device_last,46.82150847657211,262428,float64
resp_last,42.82247906281334,240014,float64
spo2_median,41.55304503591526,232899,float64
spo2_max,41.55304503591526,232899,float64
spo2_min,41.55304503591526,232899,float64
triage_vital_o2_device,40.47469517525861,226855,float64
pulse_last,40.16532081086771,225121,float64
dbp_last,40.03561195105676,224394,float64
sbp_last,40.01384512726455,224272,float64
o2_device_max,38.974033249715426,218444,float64
o2_device_median,38.974033249715426,218444,float64
o2_device_min,38.974033249715426,218444,float64
temp_min,38.22753824359574,214260,float64
temp_median,38.22753824359574,214260,float64
temp_max,38.22753824359574,214260,float64
resp_max,38.05108423760807,213271,float64
resp_min,38.05108423760807,213271,float64
resp_median,38.05108423760807,213271,float64
dbp_median,37.93689762099321,212631,float64
dbp_min,37.93689762099321,212631,float64
dbp_max,37.93689762099321,212631,float64
sbp_median,37.93332928922399,212611,float64
sbp_max,37.93332928922399,212611,float64
sbp_min,37.93332928922399,212611,float64
pulse_median,37.900857470124144,212429,float64
pulse_max,37.900857470124144,212429,float64
pulse_min,37.900857470124144,212429,float64
triage_vital_temp,32.64755943948644,182985,float64
triage_vital_rr,30.417708916904257,170487,float64
triage_vital_dbp,29.985227106475453,168063,float64
triage_vital_sbp,29.956858868910196,167904,float64
triage_vital_hr,29.626431347080928,166052,float64
arrivalmode,3.904468621874587,21884,category
cc_feverimmunocompromised,0.4612068811709838,2585,float64
cc_elevatedbloodsugar-symptomatic,0.4612068811709838,2585,float64
cc_emesis,0.4612068811709838,2585,float64
cc_extremitylaceration,0.4612068811709838,2585,float64
cc_epigastricpain,0.4612068811709838,2585,float64
cc_elevatedbloodsugar-nosymptoms,0.4612068811709838,2585,float64
cc_epistaxis,0.4612068811709838,2585,float64
cc_toeinjury,0.4612068811709838,2585,float64
cc_fever-9weeksto74years,0.4612068811709838,2585,float64
cc_exposuretostd,0.4612068811709838,2585,float64
cc_fever-75yearsorolder,0.4612068811709838,2585,float64
cc_urinarytractinfection,0.4612068811709838,2585,float64
cc_fever,0.4612068811709838,2585,float64
cc_toepain,0.4612068811709838,2585,float64
cc_extremityweakness,0.4612068811709838,2585,float64
cc_urinaryretention,0.4612068811709838,2585,float64
cc_fall,0.4612068811709838,2585,float64
cc_fall>65,0.4612068811709838,2585,float64
cc_fatigue,0.4612068811709838,2585,float64
cc_uri,0.4612068811709838,2585,float64
cc_trauma,0.4612068811709838,2585,float64
cc_facialinjury,0.4612068811709838,2585,float64
cc_urinaryfrequency,0.4612068811709838,2585,float64
cc_facialswelling,0.4612068811709838,2585,float64
cc_fingerinjury,0.4612068811709838,2585,float64
cc_femaleguproblem,0.4612068811709838,2585,float64
cc_eyeredness,0.4612068811709838,2585,float64
cc_facialpain,0.4612068811709838,2585,float64
cc_faciallaceration,0.4612068811709838,2585,float64
cc_eyeproblem,0.4612068811709838,2585,float64
cc_eyepain,0.4612068811709838,2585,float64
cc_eyeinjury,0.4612068811709838,2585,float64
cc_unresponsive,0.4612068811709838,2585,float64
cc_nearsyncope,0.4612068811709838,2585,float64
cc_headache,0.4612068811709838,2585,float64
cc_fingerpain,0.4612068811709838,2585,float64
cc_hematuria,0.4612068811709838,2585,float64
cc_hippain,0.4612068811709838,2585,float64
cc_homicidal,0.4612068811709838,2585,float64
cc_hyperglycemia,0.4612068811709838,2585,float64
cc_hypertension,0.4612068811709838,2585,float64
cc_hypotension,0.4612068811709838,2585,float64
cc_woundcheck,0.4612068811709838,2585,float64
cc_influenza,0.4612068811709838,2585,float64
cc_ingestion,0.4612068811709838,2585,float64
cc_insectbite,0.4612068811709838,2585,float64
cc_irregularheartbeat,0.4612068811709838,2585,float64
cc_jawpain,0.4612068811709838,2585,float64
cc_woundinfection,0.4612068811709838,2585,float64
cc_jointswelling,0.4612068811709838,2585,float64
cc_woundre-evaluation,0.4612068811709838,2585,float64
cc_kneeinjury,0.4612068811709838,2585,float64
cc_wristinjury,0.4612068811709838,2585,float64
cc_kneepain,0.4612068811709838,2585,float64
cc_laceration,0.4612068811709838,2585,float64
cc_leginjury,0.4612068811709838,2585,float64
cc_legpain,0.4612068811709838,2585,float64
cc_legswelling,0.4612068811709838,2585,float64
cc_lethargy,0.4612068811709838,2585,float64
cc_lossofconsciousness,0.4612068811709838,2585,float64
cc_hemoptysis,0.4612068811709838,2585,float64
cc_headlaceration,0.4612068811709838,2585,float64
cc_fingerswelling,0.4612068811709838,2585,float64
cc_headinjury,0.4612068811709838,2585,float64
cc_flankpain,0.4612068811709838,2585,float64
cc_follow-upcellulitis,0.4612068811709838,2585,float64
cc_footinjury,0.4612068811709838,2585,float64
cc_footpain,0.4612068811709838,2585,float64
cc_footswelling,0.4612068811709838,2585,float64
cc_foreignbodyineye,0.4612068811709838,2585,float64
cc_vaginalbleeding,0.4612068811709838,2585,float64
cc_fulltrauma,0.4612068811709838,2585,float64
cc_vaginaldischarge,0.4612068811709838,2585,float64
cc_vaginalpain,0.4612068811709838,2585,float64
cc_weakness,0.4612068811709838,2585,float64
cc_generalizedbodyaches,0.4612068811709838,2585,float64
cc_gibleeding,0.4612068811709838,2585,float64
cc_wheezing,0.4612068811709838,2585,float64
cc_giproblem,0.4612068811709838,2585,float64
cc_groinpain,0.4612068811709838,2585,float64
cc_hallucinations,0.4612068811709838,2585,float64
cc_handinjury,0.4612068811709838,2585,float64
cc_handpain,0.4612068811709838,2585,float64
cc_headache-newonsetornewsymptoms,0.4612068811709838,2585,float64
cc_headache-recurrentorknowndxmigraines,0.4612068811709838,2585,float64
cc_withdrawal-alcohol,0.4612068811709838,2585,float64
cc_headachere-evaluation,0.4612068811709838,2585,float64
cc_tickremoval,0.4612068811709838,2585,float64
cc_chesttightness,0.4612068811709838,2585,float64
cc_elbowpain,0.4612068811709838,2585,float64
cc_shortnessofbreath,0.4612068811709838,2585,float64
cc_rash,0.4612068811709838,2585,float64
cc_rectalbleeding,0.4612068811709838,2585,float64
cc_rectalpain,0.4612068811709838,2585,float64
cc_respiratorydistress,0.4612068811709838,2585,float64
cc_ribinjury,0.4612068811709838,2585,float64
cc_ribpain,0.4612068811709838,2585,float64
cc_seizure-newonset,0.4612068811709838,2585,float64
cc_seizure-priorhxof,0.4612068811709838,2585,float64
cc_seizures,0.4612068811709838,2585,float64
cc_abdominalcramping,0.4612068811709838,2585,float64
cc_abdominaldistention,0.4612068811709838,2585,float64
cc_abdominalpain,0.4612068811709838,2585,float64
cc_psychoticsymptoms,0.4612068811709838,2585,float64
cc_abdominalpainpregnant,0.4612068811709838,2585,float64
cc_abnormallab,0.4612068811709838,2585,float64
cc_abscess,0.4612068811709838,2585,float64
cc_addictionproblem,0.4612068811709838,2585,float64
cc_shoulderinjury,0.4612068811709838,2585,float64
cc_agitation,0.4612068811709838,2585,float64
cc_shoulderpain,0.4612068811709838,2585,float64
cc_alcoholintoxication,0.4612068811709838,2585,float64
cc_sicklecellpain,0.4612068811709838,2585,float64
cc_alcoholproblem,0.4612068811709838,2585,float64
cc_allergicreaction,0.4612068811709838,2585,float64
cc_rapidheartrate,0.4612068811709838,2585,float64
cc_psychiatricevaluation,0.4612068811709838,2585,float64
cc_edema,0.4612068811709838,2585,float64
cc_modifiedtrauma,0.4612068811709838,2585,float64
cc_neckpain,0.4612068811709838,2585,float64
cc_nasalcongestion,0.4612068811709838,2585,float64
cc_multiplefalls,0.4612068811709838,2585,float64
cc_motorvehiclecrash,0.4612068811709838,2585,float64
cc_motorcyclecrash,0.4612068811709838,2585,float64
cc_neurologicproblem,0.4612068811709838,2585,float64
cc_numbness,0.4612068811709838,2585,float64
cc_oralswelling,0.4612068811709838,2585,float64
cc_otalgia,0.4612068811709838,2585,float64
cc_other,0.4612068811709838,2585,float64
cc_overdose-accidental,0.4612068811709838,2585,float64
cc_overdose-intentional,0.4612068811709838,2585,float64
cc_medicalproblem,0.4612068811709838,2585,float64
cc_migraine,0.4612068811709838,2585,float64
cc_pain,0.4612068811709838,2585,float64
cc_medicationrefill,0.4612068811709838,2585,float64
cc_medicationproblem,0.4612068811709838,2585,float64
cc_palpitations,0.4612068811709838,2585,float64
cc_panicattack,0.4612068811709838,2585,float64
cc_pelvicpain,0.4612068811709838,2585,float64
cc_poisoning,0.4612068811709838,2585,float64
cc_maleguproblem,0.4612068811709838,2585,float64
cc_post-opproblem,0.4612068811709838,2585,float64
cc_medicalscreening,0.4612068811709838,2585,float64
cc_alteredmentalstatus,0.4612068811709838,2585,float64
cc_animalbite,0.4612068811709838,2585,float64
cc_ankleinjury,0.4612068811709838,2585,float64
cc_dehydration,0.4612068811709838,2585,float64
cc_coldlikesymptoms,0.4612068811709838,2585,float64
cc_swallowedforeignbody,0.4612068811709838,2585,float64
cc_syncope,0.4612068811709838,2585,float64
cc_tachycardia,0.4612068811709838,2585,float64
cc_confusion,0.4612068811709838,2585,float64
cc_conjunctivitis,0.4612068811709838,2585,float64
cc_testiclepain,0.4612068811709838,2585,float64
cc_constipation,0.4612068811709838,2585,float64
cc_cough,0.4612068811709838,2585,float64
cc_cyst,0.4612068811709838,2585,float64
cc_decreasedbloodsugar-symptomatic,0.4612068811709838,2585,float64
cc_dentalpain,0.4612068811709838,2585,float64
cc_anklepain,0.4612068811709838,2585,float64
cc_depression,0.4612068811709838,2585,float64
cc_detoxevaluation,0.4612068811709838,2585,float64
cc_thumbinjury,0.4612068811709838,2585,float64
cc_diarrhea,0.4612068811709838,2585,float64
cc_dizziness,0.4612068811709838,2585,float64
cc_drug/alcoholassessment,0.4612068811709838,2585,float64
cc_drugproblem,0.4612068811709838,2585,float64
cc_dyspnea,0.4612068811709838,2585,float64
cc_dysuria,0.4612068811709838,2585,float64
cc_earpain,0.4612068811709838,2585,float64
cc_earproblem,0.4612068811709838,2585,float64
cc_suture/stapleremoval,0.4612068811709838,2585,float64
cc_chills,0.4612068811709838,2585,float64
cc_nausea,0.4612068811709838,2585,float64
cc_chestpain,0.4612068811709838,2585,float64
cc_anxiety,0.4612068811709838,2585,float64
cc_arminjury,0.4612068811709838,2585,float64
cc_sinusproblem,0.4612068811709838,2585,float64
cc_armpain,0.4612068811709838,2585,float64
cc_skinirritation,0.4612068811709838,2585,float64
cc_armswelling,0.4612068811709838,2585,float64
cc_assaultvictim,0.4612068811709838,2585,float64
cc_skinproblem,0.4612068811709838,2585,float64
cc_sorethroat,0.4612068811709838,2585,float64
cc_asthma,0.4612068811709838,2585,float64
cc_stdcheck,0.4612068811709838,2585,float64
cc_backpain,0.4612068811709838,2585,float64
cc_strokealert,0.4612068811709838,2585,float64
cc_bleeding/bruising,0.4612068811709838,2585,float64
cc_blurredvision,0.4612068811709838,2585,float64
cc_bodyfluidexposure,0.4612068811709838,2585,float64
cc_suicidal,0.4612068811709838,2585,float64
cc_breastpain,0.4612068811709838,2585,float64
cc_breathingdifficulty,0.4612068811709838,2585,float64
cc_breathingproblem,0.4612068811709838,2585,float64
cc_burn,0.4612068811709838,2585,float64
cc_cardiacarrest,0.4612068811709838,2585,float64
cc_cellulitis,0.4612068811709838,2585,float64
cc_mass,0.4612068811709838,2585,float64
cc_wristpain,0.4612068811709838,2585,float64
esi,0.4383695578480105,2457,category
race,0.004638831299978947,26,category
age,0.001962582473068016,11,float64
hemmorhoids,0.0,0,float64
gastroent,0.0,0,float64
giconganom,0.0,0,float64
gihemorrhag,0.0,0,float64
giperitcan,0.0,0,float64
glaucoma,0.0,0,float64
goutotcrys,0.0,0,float64
guconganom,0.0,0,float64
hdnckcancr,0.0,0,float64
headachemig,0.0,0,float64
hepatitis,0.0,0,float64
hemorrpreg,0.0,0,float64
gasduoulcer,0.0,0,float64
hivinfectn,0.0,0,float64
hodgkinsds,0.0,0,float64
hrtvalvedx,0.0,0,float64
htn,0.0,0,float64
htncomplicn,0.0,0,float64
htninpreg,0.0,0,float64
hyperlipidem,0.0,0,float64
immunitydx,0.0,0,float64
gastritis,0.0,0,float64
fxskullfac,0.0,0,float64
gangrene,0.0,0,float64
exameval,0.0,0,float64
ecodessuffocation,0.0,0,float64
ecodestransportnotmvt,0.0,0,float64
ecodesunspecified,0.0,0,float64
ectopicpreg,0.0,0,float64
encephalitis,0.0,0,float64
endometrios,0.0,0,float64
epilepsycnv,0.0,0,float64
esophcancer,0.0,0,float64
esophgealdx,0.0,0,float64
eyeinfectn,0.0,0,float64
impulsecontroldisordersnec,0.0,0,float64
fatigue,0.0,0,float64
femgenitca,0.0,0,float64
feminfertil,0.0,0,float64
fetaldistrs,0.0,0,float64
fluidelcdx,0.0,0,float64
fuo,0.0,0,float64
fxarm,0.0,0,float64
fxhip,0.0,0,float64
fxleg,0.0,0,float64
immunizscrn,0.0,0,float64
infectarth,0.0,0,float64
inducabortn,0.0,0,float64
nonhodglym,0.0,0,float64
mouthdx,0.0,0,float64
ms,0.0,0,float64
multmyeloma,0.0,0,float64
mycoses,0.0,0,float64
nauseavomit,0.0,0,float64
neoplsmunsp,0.0,0,float64
nephritis,0.0,0,float64
nervcongan,0.0,0,float64
nonepithca,0.0,0,float64
nutritdefic,0.0,0,float64
miscellaneousmentalhealthdisorders,0.0,0,float64
obrelatedperintrauma,0.0,0,float64
opnwndextr,0.0,0,float64
opnwndhead,0.0,0,float64
osteoarthros,0.0,0,float64
osteoporosis,0.0,0,float64
otacqdefor,0.0,0,float64
otaftercare,0.0,0,float64
otbnignneo,0.0,0,float64
otbonedx,0.0,0,float64
mooddisorders,0.0,0,float64
menstrualdx,0.0,0,float64
ecodespoisoning,0.0,0,float64
liveborn,0.0,0,float64
influenza,0.0,0,float64
infmalegen,0.0,0,float64
intestinfct,0.0,0,float64
intobstruct,0.0,0,float64
intracrninj,0.0,0,float64
jointinjury,0.0,0,float64
kidnyrnlca,0.0,0,float64
lateeffcvd,0.0,0,float64
leukemias,0.0,0,float64
liveribdca,0.0,0,float64
menopausldx,0.0,0,float64
longpregncy,0.0,0,float64
lowbirthwt,0.0,0,float64
lungexternl,0.0,0,float64
lymphenlarg,0.0,0,float64
maintchemr,0.0,0,float64
malgenitca,0.0,0,float64
maligneopls,0.0,0,float64
malposition,0.0,0,float64
meningitis,0.0,0,float64
ecodesstruckbyagainst,0.0,0,float64
ecodesplaceofoccurrence,0.0,0,float64
n_admissions,0.0,0,int32
asthma,0.0,0,float64
allergy,0.0,0,float64
amniosdx,0.0,0,float64
analrectal,0.0,0,float64
anemia,0.0,0,float64
aneurysm,0.0,0,float64
anxietydisorders,0.0,0,float64
appendicitis,0.0,0,float64
artembolism,0.0,0,float64
asppneumon,0.0,0,float64
attentiondeficitconductdisruptivebeha,0.0,0,float64
adltrespfl,0.0,0,float64
backproblem,0.0,0,float64
biliarydx,0.0,0,float64
birthasphyx,0.0,0,float64
birthtrauma,0.0,0,float64
bladdercncr,0.0,0,float64
blindness,0.0,0,float64
bnignutneo,0.0,0,float64
bonectcncr,0.0,0,float64
bph,0.0,0,float64
alcoholrelateddisorders,0.0,0,float64
adjustmentdisorders,0.0,0,float64
ecodespedalcyclistnotmvt,0.0,0,float64
arrivalday,0.0,0,category
gender,0.0,0,category
ethnicity,0.0,0,category
lang,0.0,0,category
religion,0.0,0,category
maritalstatus,0.0,0,category
employstatus,0.0,0,category
insurance_status,0.0,0,category
disposition,0.0,0,category
arrivalmonth,0.0,0,category
arrivalhour_bin,0.0,0,category
acutphanm,0.0,0,float64
previousdispo,0.0,0,category
2ndarymalig,0.0,0,float64
abdomhernia,0.0,0,float64
abdomnlpain,0.0,0,float64
abortcompl,0.0,0,float64
acqfootdef,0.0,0,float64
acrenlfail,0.0,0,float64
acutecvd,0.0,0,float64
acutemi,0.0,0,float64
brainnscan,0.0,0,float64
breastcancr,0.0,0,float64
breastdx,0.0,0,float64
ecodesadverseeffectsofmedicaldrugs,0.0,0,float64
diabmelnoc,0.0,0,float64
diabmelwcm,0.0,0,float64
disordersusuallydiagnosedininfancych,0.0,0,float64
diverticulos,0.0,0,float64
dizziness,0.0,0,float64
dminpreg,0.0,0,float64
dysrhythmia,0.0,0,float64
earlylabor,0.0,0,float64
ecodesadverseeffectsofmedicalcare,0.0,0,float64
ecodescutpierce,0.0,0,float64
brnchlngca,0.0,0,float64
ecodesdrowningsubmersion,0.0,0,float64
ecodesfall,0.0,0,float64
ecodesfirearm,0.0,0,float64
ecodesfireburn,0.0,0,float64
ecodesmachinery,0.0,0,float64
ecodesmotorvehicletrafficmvt,0.0,0,float64
ecodesnaturalenvironment,0.0,0,float64
ecodesotherspecifiedandclassifiable,0.0,0,float64
ecodesotherspecifiednec,0.0,0,float64
developmentaldisorders,0.0,0,float64
deliriumdementiaamnesticothercognitiv,0.0,0,float64
cysticfibro,0.0,0,float64
crushinjury,0.0,0,float64
bronchitis,0.0,0,float64
burns,0.0,0,float64
cardiaarrst,0.0,0,float64
cardiacanom,0.0,0,float64
carditis,0.0,0,float64
cataract,0.0,0,float64
cervixcancr,0.0,0,float64
chestpain,0.0,0,float64
chfnonhp,0.0,0,float64
chrkidneydisease,0.0,0,float64
coaghemrdx,0.0,0,float64
coloncancer,0.0,0,float64
comabrndmg,0.0,0,float64
complicdevi,0.0,0,float64
complicproc,0.0,0,float64
conduction,0.0,0,float64
contraceptiv,0.0,0,float64
copd,0.0,0,float64
coronathero,0.0,0,float64
otcirculdx,0.0,0,float64
otcomplbir,0.0,0,float64
otconganom,0.0,0,float64
perintjaund,0.0,0,float64
pregtestur_last,0.0,0,float64
nitriteua_last,0.0,0,float64
leukocytesua_last,0.0,0,float64
ketonesua_last,0.0,0,float64
glucoseua_last,0.0,0,float64
bloodua_last,0.0,0,float64
parkinsons,0.0,0,float64
pathologfx,0.0,0,float64
pelvicobstr,0.0,0,float64
peripathero,0.0,0,float64
"bloodculture,routine_last",0.0,0,float64
peritonitis,0.0,0,float64
personalitydisorders,0.0,0,float64
phlebitis,0.0,0,float64
pid,0.0,0,float64
pleurisy,0.0,0,float64
pneumonia,0.0,0,float64
poisnnonmed,0.0,0,float64
poisnotmed,0.0,0,float64
poisonpsych,0.0,0,float64
proteinua_last,0.0,0,float64
"urineculture,routine_last",0.0,0,float64
prevcsectn,0.0,0,float64
ketonesua_count,0.0,0,float64
pancreascan,0.0,0,float64
pancreasdx,0.0,0,float64
paralysis,0.0,0,float64
"urineculture,routine_count",0.0,0,float64
"bloodculture,routine_count",0.0,0,float64
proteinua_count,0.0,0,float64
pregtestur_count,0.0,0,float64
nitriteua_count,0.0,0,float64
leukocytesua_count,0.0,0,float64
glucoseua_count,0.0,0,float64
bloodua_npos,0.0,0,float64
bloodua_count,0.0,0,float64
"urineculture,routine_npos",0.0,0,float64
"bloodculture,routine_npos",0.0,0,float64
proteinua_npos,0.0,0,float64
pregtestur_npos,0.0,0,float64
nitriteua_npos,0.0,0,float64
leukocytesua_npos,0.0,0,float64
ketonesua_npos,0.0,0,float64
glucoseua_npos,0.0,0,float64
precereoccl,0.0,0,float64
prolapse,0.0,0,float64
ovariancyst,0.0,0,float64
ulcerskin,0.0,0,float64
syncope,0.0,0,float64
teethdx,0.0,0,float64
testiscancr,0.0,0,float64
thyroidcncr,0.0,0,float64
thyroiddsor,0.0,0,float64
tia,0.0,0,float64
tonsillitis,0.0,0,float64
tuberculosis,0.0,0,float64
ulceratcol,0.0,0,float64
umbilcord,0.0,0,float64
suicideandintentionalselfinflictedin,0.0,0,float64
unclassified,0.0,0,float64
urinstone,0.0,0,float64
urinyorgca,0.0,0,float64
uteruscancr,0.0,0,float64
uti,0.0,0,float64
varicosevn,0.0,0,float64
viralinfect,0.0,0,float64
whtblooddx,0.0,0,float64
n_edvisits,0.0,0,int32
superficinj,0.0,0,float64
substancerelateddisorders,0.0,0,float64
prostatecan,0.0,0,float64
septicemiaexceptinlabor,0.0,0,float64
pulmhartdx,0.0,0,float64
rctmanusca,0.0,0,float64
rehab,0.0,0,float64
respdistres,0.0,0,float64
retinaldx,0.0,0,float64
rheumarth,0.0,0,float64
schizophreniaandotherpsychoticdisorde,0.0,0,float64
screeningandhistoryofmentalhealthan,0.0,0,float64
septicemia,0.0,0,float64
sexualinfxs,0.0,0,float64
stomchcancr,0.0,0,float64
shock,0.0,0,float64
sicklecell,0.0,0,float64
skininfectn,0.0,0,float64
skinmelanom,0.0,0,float64
sle,0.0,0,float64
socialadmin,0.0,0,float64
spincorinj,0.0,0,float64
spontabortn,0.0,0,float64
sprain,0.0,0,float64
ovarycancer,0.0,0,float64
otuprspin,0.0,0,float64
otconntiss,0.0,0,float64
meds_biologicals,0.0,0,float64
meds_diuretics,0.0,0,float64
meds_diagnostic,0.0,0,float64
meds_cough/coldpreparations,0.0,0,float64
meds_contraceptives,0.0,0,float64
meds_colonystimulatingfactors,0.0,0,float64
meds_cnsdrugs,0.0,0,float64
meds_cardiovascular,0.0,0,float64
meds_cardiacdrugs,0.0,0,float64
meds_blood,0.0,0,float64
meds_autonomicdrugs,0.0,0,float64
meds_elect/caloric/h2o,0.0,0,float64
meds_antivirals,0.0,0,float64
meds_antiplateletdrugs,0.0,0,float64
meds_antiparkinsondrugs,0.0,0,float64
meds_antineoplastics,0.0,0,float64
meds_antiinfectives/miscellaneous,0.0,0,float64
meds_antiinfectives,0.0,0,float64
meds_antihyperglycemics,0.0,0,float64
meds_antihistamines,0.0,0,float64
meds_antihistamineanddecongestantcombination,0.0,0,float64
meds_eentpreps,0.0,0,float64
meds_gastrointestinal,0.0,0,float64
meds_antidotes,0.0,0,float64
meds_thyroidpreps,0.0,0,float64
otdxbladdr,0.0,0,float64
otdxkidney,0.0,0,float64
otdxstomch,0.0,0,float64
otendodsor,0.0,0,float64
otfemalgen,0.0,0,float64
othbactinf,0.0,0,float64
n_surgeries,0.0,0,float64
meds_vitamins,0.0,0,float64
meds_unclassifieddrugproducts,0.0,0,float64
meds_smokingdeterrents,0.0,0,float64
meds_herbals,0.0,0,float64
meds_skinpreps,0.0,0,float64
meds_sedative/hypnotics,0.0,0,float64
meds_psychotherapeuticdrugs,0.0,0,float64
meds_pre-natalvitamins,0.0,0,float64
meds_musclerelaxants,0.0,0,float64
"meds_miscellaneousmedicalsupplies,devices,non-drug",0.0,0,float64
meds_investigational,0.0,0,float64
meds_immunosuppressants,0.0,0,float64
meds_hormones,0.0,0,float64
meds_antifungals,0.0,0,float64
meds_anticoagulants,0.0,0,float64
otupprresp,0.0,0,float64
othnervdx,0.0,0,float64
otherinjury,0.0,0,float64
otherpregnancyanddeliveryincludingnormal,0.0,0,float64
otherscreen,0.0,0,float64
othfracture,0.0,0,float64
othheartdx,0.0,0,float64
othinfectns,0.0,0,float64
othliverdx,0.0,0,float64
othlowresp,0.0,0,float64
othmalegen,0.0,0,float64
othskindx,0.0,0,float64
othergidx,0.0,0,float64
othveindx,0.0,0,float64
otinflskin,0.0,0,float64
otitismedia,0.0,0,float64
otjointdx,0.0,0,float64
otnutritdx,0.0,0,float64
otperintdx,0.0,0,float64
otpregcomp,0.0,0,float64
otprimryca,0.0,0,float64
otrespirca,0.0,0,float64
othergudx,0.0,0,float64
othereyedx,0.0,0,float64
meds_antibiotics,0.0,0,float64
otherimg_count,0.0,0,float64
meds_antiasthmatics,0.0,0,float64
meds_antiarthritics,0.0,0,float64
meds_antiallergy,0.0,0,float64
meds_anti-obesitydrugs,0.0,0,float64
meds_anesthetics,0.0,0,float64
meds_analgesics,0.0,0,float64
meds_analgesicandantihistaminecombination,0.0,0,float64
otherxr_count,0.0,0,float64
otherus_count,0.0,0,float64
otherct_count,0.0,0,float64
otheredcns,0.0,0,float64
mri_count,0.0,0,float64
headct_count,0.0,0,float64
ekg_count,0.0,0,float64
echo_count,0.0,0,float64
cxr_count,0.0,0,float64
othcnsinfx,0.0,0,float64
othematldx,0.0,0,float64
othercvd,0.0,0,float64
othereardx,0.0,0,float64
dep_name,0.0,0,category
